Date,Country,Cumulative number of case(s),Number of deaths,Number recovered
17/03/2003,Germany,1,0,0
17/03/2003,Canada,8,2,0
17/03/2003,Singapore,20,0,0
17/03/2003,"Hong Kong SAR, China",95,1,0
17/03/2003,Switzerland,2,0,0
17/03/2003,Thailand,1,0,0
17/03/2003,Viet Nam,40,1,0
18/03/2003,Germany,2,0,0
18/03/2003,Canada,8,2,0
18/03/2003,China,0,0,0
18/03/2003,Singapore,23,0,0
18/03/2003,"Hong Kong SAR, China",123,1,0
18/03/2003,"Taiwan, China",3,0,0
18/03/2003,Thailand,1,0,0
18/03/2003,Viet Nam,57,1,0
18/03/2003,Slovenia,1,0,0
18/03/2003,United Kingdom,1,0,0
19/03/2003,Canada,8,2,0
19/03/2003,China,0,0,0
19/03/2003,Germany,1,0,0
19/03/2003,"Hong Kong SAR, China",150,5,0
19/03/2003,Singapore,31,0,0
19/03/2003,Slovenia,1,0,0
19/03/2003,Spain,1,0,0
19/03/2003,"Taiwan, China",3,0,0
19/03/2003,Thailand,1,0,0
19/03/2003,United Kingdom,1,0,0
19/03/2003,United States,11,0,0
19/03/2003,Viet Nam,56,2,0
20/03/2003,Canada,9,2,0
20/03/2003,China,0,0,0
20/03/2003,Germany,1,0,0
20/03/2003,"Hong Kong SAR, China",173,6,0
20/03/2003,Singapore,34,0,0
20/03/2003,Slovenia,1,0,0
20/03/2003,Spain,1,0,0
20/03/2003,Switzerland,7,0,0
20/03/2003,"Taiwan, China",4,0,0
20/03/2003,Thailand,1,0,0
20/03/2003,United Kingdom,2,0,0
20/03/2003,United States,11,0,0
20/03/2003,Viet Nam,62,2,0
21/03/2003,Canada,9,2,0
21/03/2003,China,0,0,0
21/03/2003,Germany,1,0,0
21/03/2003,"Hong Kong SAR, China",203,6,0
21/03/2003,Italy,1,0,0
21/03/2003,Republic of Ireland,1,0,0
21/03/2003,Singapore,39,0,0
21/03/2003,Slovenia,1,0,0
21/03/2003,Spain,1,0,0
21/03/2003,Switzerland,7,0,0
21/03/2003,"Taiwan, China",6,0,0
21/03/2003,Thailand,4,0,0
21/03/2003,United Kingdom,2,0,0
21/03/2003,United States,13,0,0
21/03/2003,Viet Nam,62,2,0
22/03/2003,Canada,9,2,0
22/03/2003,China,0,0,0
22/03/2003,Germany,2,0,0
22/03/2003,"Hong Kong SAR, China",222,7,0
22/03/2003,Italy,2,0,0
22/03/2003,Republic of Ireland,1,0,0
22/03/2003,Singapore,44,0,0
22/03/2003,Slovenia,1,0,0
22/03/2003,Spain,1,0,0
22/03/2003,Switzerland,7,0,0
22/03/2003,"Taiwan, China",6,0,0
22/03/2003,Thailand,4,0,0
22/03/2003,United Kingdom,2,0,0
22/03/2003,United States,22,0,0
22/03/2003,Viet Nam,63,2,0
24/03/2003,Canada,11,3,0
24/03/2003,China,0,0,0
24/03/2003,France,1,0,0
24/03/2003,Germany,4,0,0
24/03/2003,"Hong Kong SAR, China",260,10,0
24/03/2003,Italy,2,0,0
24/03/2003,Republic of Ireland,1,0,0
24/03/2003,Singapore,65,0,0
24/03/2003,Spain,1,0,0
24/03/2003,Switzerland,2,0,0
24/03/2003,"Taiwan, China",6,0,0
24/03/2003,Thailand,5,0,0
24/03/2003,United Kingdom,3,0,0
24/03/2003,United States,37,0,0
24/03/2003,Viet Nam,58,4,0
25/03/2003,Canada,11,3,0
25/03/2003,China,0,0,0
25/03/2003,France,1,0,0
25/03/2003,Germany,4,0,0
25/03/2003,"Hong Kong SAR, China",286,10,0
25/03/2003,Italy,2,0,0
25/03/2003,Republic of Ireland,1,0,0
25/03/2003,Singapore,69,0,0
25/03/2003,Switzerland,2,0,0
25/03/2003,"Taiwan, China",6,0,0
25/03/2003,Thailand,5,0,0
25/03/2003,United Kingdom,3,0,0
25/03/2003,United States,39,0,0
25/03/2003,Viet Nam,58,4,0
26/03/2003,Canada,19,3,0
26/03/2003,China,792,31,0
26/03/2003,"Hong Kong SAR, China",316,10,0
26/03/2003,"Taiwan, China",6,0,0
26/03/2003,France,1,0,0
26/03/2003,Germany,4,0,0
26/03/2003,Italy,3,0,0
26/03/2003,Republic of Ireland,2,0,0
26/03/2003,Singapore,74,1,0
26/03/2003,Switzerland,2,0,0
26/03/2003,Thailand,3,0,0
26/03/2003,United Kingdom,3,0,0
26/03/2003,United States,40,0,0
26/03/2003,Viet Nam,58,4,0
27/03/2003,Canada,28,3,0
27/03/2003,China,806,34,0
27/03/2003,"Hong Kong SAR, China",367,10,0
27/03/2003,"Taiwan, China",6,0,0
27/03/2003,France,1,0,0
27/03/2003,Germany,4,0,0
27/03/2003,Italy,2,0,0
27/03/2003,Republic of Ireland,2,0,0
27/03/2003,Romania,3,0,0
27/03/2003,Singapore,78,2,0
27/03/2003,Switzerland,2,0,0
27/03/2003,Thailand,3,0,0
27/03/2003,United Kingdom,3,0,0
27/03/2003,United States,45,0,0
27/03/2003,Viet Nam,58,4,0
28/03/2003,Canada,29,3,0
28/03/2003,China,806,34,0
28/03/2003,"Hong Kong SAR, China",425,10,0
28/03/2003,"Taiwan, China",10,0,0
28/03/2003,France,1,0,0
28/03/2003,Germany,4,0,0
28/03/2003,Italy,2,0,0
28/03/2003,Republic of Ireland,2,0,0
28/03/2003,Romania,3,0,0
28/03/2003,Singapore,86,2,0
28/03/2003,Switzerland,2,0,0
28/03/2003,Thailand,3,0,0
28/03/2003,United Kingdom,3,0,0
28/03/2003,United States,51,0,0
28/03/2003,Viet Nam,58,4,0
29/03/2003,Canada,37,3,0
29/03/2003,China,806,34,0
29/03/2003,"Hong Kong SAR, China",470,10,0
29/03/2003,"Taiwan, China",10,0,0
29/03/2003,France,1,0,0
29/03/2003,Germany,4,0,0
29/03/2003,Italy,2,0,0
29/03/2003,Republic of Ireland,2,0,0
29/03/2003,Romania,3,0,0
29/03/2003,Singapore,89,2,0
29/03/2003,Switzerland,3,0,0
29/03/2003,Thailand,3,1,0
29/03/2003,United Kingdom,3,0,0
29/03/2003,United States,59,0,0
29/03/2003,Viet Nam,58,4,0
31/03/2003,Canada,44,4,0
31/03/2003,China,806,34,0
31/03/2003,"Hong Kong SAR, China",530,13,0
31/03/2003,"Taiwan, China",10,0,0
31/03/2003,France,1,0,0
31/03/2003,Germany,5,0,0
31/03/2003,Italy,2,0,0
31/03/2003,Republic of Ireland,2,0,0
31/03/2003,Romania,3,0,0
31/03/2003,Singapore,91,2,0
31/03/2003,Switzerland,3,0,0
31/03/2003,Thailand,5,1,0
31/03/2003,United Kingdom,3,0,0
31/03/2003,United States,59,0,0
31/03/2003,Viet Nam,58,4,0
01/04/2003,Australia,1,0,0
01/04/2003,Belgium,1,0,0
01/04/2003,Canada,53,4,0
01/04/2003,China,806,34,0
01/04/2003,"Hong Kong SAR, China",685,16,0
01/04/2003,"Taiwan, China",13,0,0
01/04/2003,France,1,0,0
01/04/2003,Germany,5,0,0
01/04/2003,Italy,3,0,0
01/04/2003,Republic of Ireland,2,0,0
01/04/2003,Romania,3,0,0
01/04/2003,Singapore,92,3,0
01/04/2003,Switzerland,3,0,0
01/04/2003,Thailand,6,1,0
01/04/2003,United Kingdom,3,0,0
01/04/2003,United States,69,0,0
01/04/2003,Viet Nam,58,4,0
02/04/2003,Australia,1,0,0
02/04/2003,Belgium,1,0,0
02/04/2003,Canada,58,6,0
02/04/2003,China,1190,46,0
02/04/2003,"Hong Kong SAR, China",708,16,0
02/04/2003,"Taiwan, China",13,0,0
02/04/2003,France,1,0,0
02/04/2003,Germany,5,0,0
02/04/2003,Italy,3,0,0
02/04/2003,Republic of Ireland,2,0,0
02/04/2003,Romania,3,0,0
02/04/2003,Singapore,95,4,0
02/04/2003,Spain,1,0,0
02/04/2003,Switzerland,2,0,0
02/04/2003,Thailand,7,2,0
02/04/2003,United Kingdom,3,0,0
02/04/2003,United States,72,0,0
02/04/2003,Viet Nam,58,4,0
03/04/2003,Australia,1,0,0
03/04/2003,Belgium,1,0,0
03/04/2003,Brazil,1,0,0
03/04/2003,Canada,62,6,0
03/04/2003,China,1190,46,0
03/04/2003,"Hong Kong SAR, China",734,17,0
03/04/2003,"Taiwan, China",14,0,0
03/04/2003,France,3,0,0
03/04/2003,Germany,5,0,0
03/04/2003,Italy,3,0,0
03/04/2003,Republic of Ireland,1,0,0
03/04/2003,Romania,1,0,0
03/04/2003,Singapore,98,4,0
03/04/2003,Switzerland,2,0,0
03/04/2003,Thailand,7,2,0
03/04/2003,United Kingdom,3,0,0
03/04/2003,United States,85,0,0
03/04/2003,Viet Nam,59,4,0
04/04/2003,Australia,1,0,0
04/04/2003,Belgium,1,0,0
04/04/2003,Brazil,1,0,0
04/04/2003,Canada,69,7,0
04/04/2003,China,1220,49,0
04/04/2003,"Hong Kong SAR, China",761,17,0
04/04/2003,"Taiwan, China",15,0,0
04/04/2003,France,3,0,0
04/04/2003,Germany,5,0,0
04/04/2003,Italy,3,0,0
04/04/2003,Republic of Ireland,1,0,0
04/04/2003,Romania,1,0,0
04/04/2003,Singapore,100,5,0
04/04/2003,Spain,1,0,0
04/04/2003,Switzerland,2,0,0
04/04/2003,Thailand,7,2,0
04/04/2003,United Kingdom,3,0,0
04/04/2003,United States,100,0,0
04/04/2003,Viet Nam,59,4,0
05/04/2003,Australia,1,0,0
05/04/2003,Belgium,1,0,0
05/04/2003,Brazil,1,0,0
05/04/2003,Canada,74,7,0
05/04/2003,China,1220,49,0
05/04/2003,"Hong Kong SAR, China",800,20,0
05/04/2003,"Taiwan, China",17,0,0
05/04/2003,France,3,0,0
05/04/2003,Germany,5,0,0
05/04/2003,Italy,3,0,0
05/04/2003,Malaysia,1,1,0
05/04/2003,Republic of Ireland,1,0,0
05/04/2003,Romania,1,0,0
05/04/2003,Singapore,101,6,0
05/04/2003,Spain,1,0,0
05/04/2003,Switzerland,1,0,0
05/04/2003,Thailand,7,2,0
05/04/2003,United Kingdom,4,0,0
05/04/2003,United States,115,0,0
05/04/2003,Viet Nam,59,4,0
07/04/2003,Australia,1,0,0
07/04/2003,Brazil,1,0,0
07/04/2003,Canada,90,9,0
07/04/2003,China,1268,53,0
07/04/2003,"Hong Kong SAR, China",883,23,0
07/04/2003,"Taiwan, China",21,0,0
07/04/2003,France,3,0,0
07/04/2003,Germany,5,0,0
07/04/2003,Italy,3,0,0
07/04/2003,Malaysia,1,1,0
07/04/2003,Republic of Ireland,1,0,0
07/04/2003,Romania,1,0,0
07/04/2003,Singapore,106,6,0
07/04/2003,Spain,1,0,0
07/04/2003,Switzerland,1,0,0
07/04/2003,Thailand,7,2,0
07/04/2003,United Kingdom,5,0,0
07/04/2003,United States,141,0,0
07/04/2003,Viet Nam,62,4,0
08/04/2003,Australia,1,0,0
08/04/2003,Brazil,1,0,0
08/04/2003,Canada,91,10,0
08/04/2003,China,1279,53,0
08/04/2003,"Hong Kong SAR, China",928,25,0
08/04/2003,"Taiwan, China",19,0,0
08/04/2003,France,4,0,0
08/04/2003,Germany,5,0,0
08/04/2003,Italy,3,0,0
08/04/2003,Malaysia,1,1,0
08/04/2003,Republic of Ireland,1,0,0
08/04/2003,Romania,1,0,0
08/04/2003,Singapore,113,8,0
08/04/2003,Spain,1,0,0
08/04/2003,Switzerland,1,0,0
08/04/2003,Thailand,7,2,0
08/04/2003,United Kingdom,5,0,0
08/04/2003,United States,148,0,0
08/04/2003,Viet Nam,62,4,0
09/04/2003,Brazil,1,0,0
09/04/2003,Canada,94,10,0
09/04/2003,China,1280,53,0
09/04/2003,"Hong Kong SAR, China",970,27,0
09/04/2003,"Taiwan, China",19,0,0
09/04/2003,France,4,0,0
09/04/2003,Germany,5,0,0
09/04/2003,Italy,3,0,0
09/04/2003,Malaysia,1,1,0
09/04/2003,Republic of Ireland,1,0,0
09/04/2003,Romania,1,0,0
09/04/2003,Singapore,118,9,0
09/04/2003,Spain,1,0,0
09/04/2003,Switzerland,1,0,0
09/04/2003,Thailand,7,2,0
09/04/2003,United Kingdom,5,0,0
09/04/2003,United States,149,0,0
09/04/2003,Viet Nam,62,4,0
10/04/2003,Brazil,2,0,0
10/04/2003,Canada,97,10,22
10/04/2003,China,1290,55,1025
10/04/2003,"Hong Kong SAR, China",998,30,154
10/04/2003,"Taiwan, China",19,0,5
10/04/2003,France,4,0,0
10/04/2003,Germany,6,0,2
10/04/2003,Italy,3,0,1
10/04/2003,Kuwait,1,0,0
10/04/2003,Malaysia,3,1,0
10/04/2003,Republic of Ireland,1,0,1
10/04/2003,Romania,1,0,0
10/04/2003,Singapore,126,9,75
10/04/2003,Spain,1,0,0
10/04/2003,Switzerland,1,0,1
10/04/2003,Thailand,7,2,5
10/04/2003,United Kingdom,5,0,3
10/04/2003,United States,154,0,0
10/04/2003,Viet Nam,62,4,43
11/04/2003,Brazil,2,0,0
11/04/2003,Canada,98,10,25
11/04/2003,China,1309,58,1037
11/04/2003,"Hong Kong SAR, China",1059,32,169
11/04/2003,"Taiwan, China",21,0,6
11/04/2003,France,5,0,0
11/04/2003,Germany,6,0,4
11/04/2003,Italy,3,0,2
11/04/2003,Japan,4,0,0
11/04/2003,Kuwait,1,0,0
11/04/2003,Malaysia,4,1,0
11/04/2003,Republic of Ireland,1,0,1
11/04/2003,Romania,1,0,0
11/04/2003,Singapore,133,9,77
11/04/2003,South Africa,1,0,0
11/04/2003,Spain,1,0,0
11/04/2003,Switzerland,1,0,1
11/04/2003,Thailand,7,2,5
11/04/2003,United Kingdom,5,0,3
11/04/2003,United States,166,0,0
11/04/2003,Viet Nam,62,4,43
12/04/2003,Brazil,2,0,0
12/04/2003,Canada,101,10,26
12/04/2003,China,1309,58,1037
12/04/2003,"Hong Kong SAR, China",1108,35,215
12/04/2003,"Taiwan, China",23,0,7
12/04/2003,France,5,0,1
12/04/2003,Germany,6,0,4
12/04/2003,Italy,3,0,2
12/04/2003,Japan,4,0,0
12/04/2003,Kuwait,1,0,0
12/04/2003,Malaysia,4,1,0
12/04/2003,Republic of Ireland,1,0,1
12/04/2003,Romania,1,0,0
12/04/2003,Singapore,147,9,77
12/04/2003,South Africa,1,0,0
12/04/2003,Spain,1,0,0
12/04/2003,Switzerland,1,0,1
12/04/2003,Thailand,8,2,5
12/04/2003,United Kingdom,6,0,3
12/04/2003,United States,166,0,0
12/04/2003,China,62,4,46
14/04/2003,Brazil,2,0,0
14/04/2003,Canada,100,13,27
14/04/2003,China,1418,64,1088
14/04/2003,"Hong Kong SAR, China",1190,47,229
14/04/2003,"Taiwan, China",23,0,7
14/04/2003,France,5,0,1
14/04/2003,Germany,6,0,4
14/04/2003,Indonesia,1,0,0
14/04/2003,Italy,3,0,2
14/04/2003,Kuwait,1,0,0
14/04/2003,Malaysia,4,1,0
14/04/2003,Philippines,1,0,1
14/04/2003,Republic of Ireland,1,0,1
14/04/2003,Romania,1,0,0
14/04/2003,Singapore,158,12,84
14/04/2003,South Africa,1,0,0
14/04/2003,Spain,1,0,0
14/04/2003,Sweden,1,0,0
14/04/2003,Switzerland,1,0,1
14/04/2003,Thailand,8,2,5
14/04/2003,United Kingdom,6,0,3
14/04/2003,United States,174,0,0
14/04/2003,Viet Nam,63,5,46
15/04/2003,Brazil,2,0,0
15/04/2003,Canada,100,13,27
15/04/2003,China,1418,64,1088
15/04/2003,"Hong Kong SAR, China",1232,56,243
15/04/2003,"Taiwan, China",23,0,7
15/04/2003,France,5,0,1
15/04/2003,Germany,6,0,4
15/04/2003,Indonesia,1,0,0
15/04/2003,Italy,3,0,2
15/04/2003,Japan,1,0,0
15/04/2003,Kuwait,1,0,0
15/04/2003,Malaysia,4,1,0
15/04/2003,Philippines,1,0,1
15/04/2003,Republic of Ireland,1,0,1
15/04/2003,Romania,1,0,1
15/04/2003,Singapore,162,13,85
15/04/2003,South Africa,1,0,0
15/04/2003,Spain,1,0,0
15/04/2003,Sweden,1,0,0
15/04/2003,Switzerland,1,0,1
15/04/2003,Thailand,8,2,5
15/04/2003,United Kingdom,6,0,3
15/04/2003,United States,193,0,0
15/04/2003,Viet Nam,63,5,46
16/04/2003,Brazil,2,0,0
16/04/2003,Canada,103,13,37
16/04/2003,China,1432,64,1094
16/04/2003,"Hong Kong SAR, China",1268,61,257
16/04/2003,"Taiwan, China",27,0,10
16/04/2003,France,5,0,1
16/04/2003,Germany,6,0,4
16/04/2003,Indonesia,1,0,0
16/04/2003,Italy,3,0,2
16/04/2003,Japan,1,0,0
16/04/2003,Kuwait,1,0,0
16/04/2003,Malaysia,5,1,0
16/04/2003,Philippines,1,0,1
16/04/2003,Republic of Ireland,1,0,1
16/04/2003,Romania,1,0,1
16/04/2003,Singapore,162,13,85
16/04/2003,South Africa,1,0,0
16/04/2003,Spain,1,0,0
16/04/2003,Sweden,1,0,0
16/04/2003,Switzerland,1,0,1
16/04/2003,Thailand,8,2,5
16/04/2003,United Kingdom,6,0,3
16/04/2003,United States,193,0,0
16/04/2003,Viet Nam,63,5,46
17/04/2003,Australia,3,0,3
17/04/2003,Brazil,2,0,0
17/04/2003,Canada,126,12,46
17/04/2003,China,1457,65,1107
17/04/2003,"Hong Kong SAR, China",1297,65,272
17/04/2003,"Taiwan, China",27,0,10
17/04/2003,France,5,0,1
17/04/2003,Germany,6,0,4
17/04/2003,India,1,0,0
17/04/2003,Indonesia,1,0,0
17/04/2003,Italy,3,0,2
17/04/2003,Japan,2,0,0
17/04/2003,Kuwait,1,0,0
17/04/2003,Malaysia,5,1,0
17/04/2003,Mongolia,3,0,3
17/04/2003,Philippines,1,0,1
17/04/2003,Republic of Ireland,1,0,1
17/04/2003,Romania,1,0,1
17/04/2003,Singapore,167,15,91
17/04/2003,South Africa,1,0,0
17/04/2003,Spain,1,0,0
17/04/2003,Sweden,1,0,0
17/04/2003,Switzerland,1,0,1
17/04/2003,Thailand,8,2,5
17/04/2003,United Kingdom,6,0,3
17/04/2003,United States,199,0,0
17/04/2003,Viet Nam,63,5,46
18/04/2003,Australia,3,0,3
18/04/2003,Brazil,2,0,0
18/04/2003,Canada,132,12,54
18/04/2003,China,1512,65,1140
18/04/2003,"Hong Kong SAR, China",1358,81,363
18/04/2003,"Taiwan, China",29,0,17
18/04/2003,France,5,0,1
18/04/2003,Germany,6,0,4
18/04/2003,India,1,0,1
18/04/2003,Indonesia,1,0,0
18/04/2003,Italy,3,0,2
18/04/2003,Japan,4,0,0
18/04/2003,Kuwait,1,0,0
18/04/2003,Malaysia,5,1,0
18/04/2003,Mongolia,3,0,3
18/04/2003,Philippines,1,0,1
18/04/2003,Republic of Ireland,1,0,1
18/04/2003,Romania,1,0,1
18/04/2003,Singapore,177,16,100
18/04/2003,South Africa,1,0,0
18/04/2003,Spain,1,0,0
18/04/2003,Sweden,3,0,0
18/04/2003,Switzerland,1,0,1
18/04/2003,Thailand,7,2,6
18/04/2003,United Kingdom,6,0,5
18/04/2003,United States,220,0,0
18/04/2003,Viet Nam,63,5,46
19/04/2003,Australia,3,0,3
19/04/2003,Brazil,2,0,0
19/04/2003,Canada,132,12,54
19/04/2003,China,1512,65,1140
19/04/2003,"Hong Kong SAR, China",1358,81,363
19/04/2003,"Taiwan, China",29,0,17
19/04/2003,France,5,0,1
19/04/2003,Germany,6,0,4
19/04/2003,India,1,0,1
19/04/2003,Indonesia,1,0,0
19/04/2003,Italy,3,0,2
19/04/2003,Japan,4,0,0
19/04/2003,Kuwait,1,0,0
19/04/2003,Malaysia,5,1,0
19/04/2003,Mongolia,3,0,3
19/04/2003,Philippines,1,0,1
19/04/2003,Republic of Ireland,1,0,1
19/04/2003,Romania,1,0,1
19/04/2003,Singapore,177,16,100
19/04/2003,South Africa,1,0,0
19/04/2003,Spain,1,0,0
19/04/2003,Sweden,3,0,0
19/04/2003,Switzerland,1,0,1
19/04/2003,Thailand,7,2,6
19/04/2003,United Kingdom,6,0,5
19/04/2003,United States,220,0,0
19/04/2003,Viet Nam,63,5,46
21/04/2003,Australia,3,0,3
21/04/2003,Brazil,2,0,0
21/04/2003,Canada,132,12,54
21/04/2003,China,1959,86,1187
21/04/2003,"Hong Kong SAR, China",1402,94,436
21/04/2003,"Taiwan, China",29,0,17
21/04/2003,France,5,0,1
21/04/2003,Germany,6,0,4
21/04/2003,India,1,0,1
21/04/2003,Indonesia,1,0,0
21/04/2003,Italy,3,0,2
21/04/2003,Japan,5,0,0
21/04/2003,Kuwait,1,0,1
21/04/2003,Malaysia,6,1,0
21/04/2003,Mongolia,3,0,3
21/04/2003,Philippines,2,1,1
21/04/2003,Republic of Ireland,1,0,1
21/04/2003,Romania,1,0,1
21/04/2003,Singapore,178,16,104
21/04/2003,South Africa,1,0,0
21/04/2003,Spain,1,0,0
21/04/2003,Sweden,3,0,0
21/04/2003,Switzerland,1,0,1
21/04/2003,Thailand,7,2,5
21/04/2003,United Kingdom,6,0,5
21/04/2003,United States,39,0,0
21/04/2003,Viet Nam,63,5,46
22/04/2003,Australia,3,0,3
22/04/2003,Brazil,2,0,0
22/04/2003,Canada,139,13,65
22/04/2003,China,2001,92,1201
22/04/2003,"Hong Kong SAR, China",1434,99,461
22/04/2003,"Taiwan, China",29,0,21
22/04/2003,France,5,0,1
22/04/2003,Germany,7,0,6
22/04/2003,India,1,0,1
22/04/2003,Indonesia,1,0,0
22/04/2003,Italy,3,0,2
22/04/2003,Japan,2,0,0
22/04/2003,Kuwait,1,0,1
22/04/2003,Malaysia,6,1,0
22/04/2003,Mongolia,3,0,3
22/04/2003,Philippines,2,1,1
22/04/2003,Republic of Ireland,1,0,1
22/04/2003,Romania,1,0,1
22/04/2003,Singapore,186,16,110
22/04/2003,South Africa,1,0,0
22/04/2003,Spain,1,0,0
22/04/2003,Sweden,3,0,0
22/04/2003,Switzerland,1,0,1
22/04/2003,Thailand,7,2,5
22/04/2003,United Kingdom,6,0,5
22/04/2003,United States,38,0,0
22/04/2003,Viet Nam,63,5,46
23/04/2003,Australia,4,0,3
23/04/2003,Brazil,2,0,0
23/04/2003,Canada,140,13,65
23/04/2003,China,2305,106,1231
23/04/2003,"Hong Kong SAR, China",1458,105,522
23/04/2003,"Taiwan, China",37,0,21
23/04/2003,France,5,0,1
23/04/2003,Germany,7,0,6
23/04/2003,India,1,0,1
23/04/2003,Indonesia,1,0,0
23/04/2003,Italy,3,0,2
23/04/2003,Japan,2,0,0
23/04/2003,Kuwait,1,0,1
23/04/2003,Malaysia,5,2,2
23/04/2003,Mongolia,3,0,3
23/04/2003,Philippines,2,1,1
23/04/2003,Republic of Ireland,1,0,1
23/04/2003,Romania,1,0,1
23/04/2003,Singapore,189,17,114
23/04/2003,South Africa,1,0,0
23/04/2003,Spain,1,0,0
23/04/2003,Sweden,3,0,0
23/04/2003,Switzerland,1,0,1
23/04/2003,Thailand,7,2,5
23/04/2003,United Kingdom,6,0,5
23/04/2003,United States,39,0,0
23/04/2003,Viet Nam,63,5,46
24/04/2003,Brazil,2,0,2
24/04/2003,Bulgaria,1,0,0
24/04/2003,Canada,140,15,67
24/04/2003,China,2422,110,1254
24/04/2003,"Hong Kong SAR, China",1488,109,567
24/04/2003,"Taiwan, China",37,0,21
24/04/2003,France,5,0,1
24/04/2003,Germany,7,0,6
24/04/2003,India,1,0,1
24/04/2003,Indonesia,1,0,1
24/04/2003,Italy,4,0,3
24/04/2003,Japan,2,0,0
24/04/2003,Kuwait,1,0,1
24/04/2003,Malaysia,5,2,2
24/04/2003,Mongolia,3,0,3
24/04/2003,Philippines,2,1,1
24/04/2003,Republic of Ireland,1,0,1
24/04/2003,Romania,1,0,1
24/04/2003,Singapore,192,19,118
24/04/2003,South Africa,1,0,0
24/04/2003,Spain,1,0,1
24/04/2003,Sweden,3,0,2
24/04/2003,Switzerland,1,0,1
24/04/2003,Thailand,8,2,5
24/04/2003,United Kingdom,6,0,6
24/04/2003,United States,37,0,0
24/04/2003,Viet Nam,63,5,49
25/04/2003,Brazil,2,0,2
25/04/2003,Bulgaria,1,0,0
25/04/2003,Canada,140,15,74
25/04/2003,China,2601,115,1277
25/04/2003,"Hong Kong SAR, China",1510,115,614
25/04/2003,"Taiwan, China",41,0,21
25/04/2003,France,5,0,1
25/04/2003,Germany,7,0,6
25/04/2003,India,1,0,1
25/04/2003,Indonesia,1,0,1
25/04/2003,Italy,4,0,3
25/04/2003,Japan,2,0,0
25/04/2003,Kuwait,1,0,1
25/04/2003,Malaysia,5,2,2
25/04/2003,Mongolia,3,0,3
25/04/2003,Philippines,2,1,1
25/04/2003,Republic of Ireland,1,0,1
25/04/2003,Romania,1,0,1
25/04/2003,Singapore,195,19,126
25/04/2003,South Africa,1,0,0
25/04/2003,Spain,1,0,1
25/04/2003,Sweden,3,0,2
25/04/2003,Switzerland,1,0,1
25/04/2003,Thailand,8,2,5
25/04/2003,United Kingdom,6,0,6
25/04/2003,United States,39,0,0
25/04/2003,Viet Nam,63,5,53
26/04/2003,Brazil,2,0,2
26/04/2003,Bulgaria,1,0,0
26/04/2003,Canada,142,18,77
26/04/2003,China,2753,122,1285
26/04/2003,"Hong Kong SAR, China",1527,121,632
26/04/2003,"Taiwan, China",49,0,25
26/04/2003,France,5,0,1
26/04/2003,Germany,7,0,6
26/04/2003,India,1,0,1
26/04/2003,Indonesia,1,0,1
26/04/2003,Italy,4,0,3
26/04/2003,Japan,2,0,0
26/04/2003,Kuwait,1,0,1
26/04/2003,Malaysia,5,2,2
26/04/2003,Mongolia,5,0,3
26/04/2003,Philippines,4,2,1
26/04/2003,Republic of Ireland,1,0,1
26/04/2003,Romania,1,0,1
26/04/2003,Singapore,198,21,126
26/04/2003,South Africa,1,0,0
26/04/2003,Spain,1,0,1
26/04/2003,Sweden,3,0,2
26/04/2003,Switzerland,1,0,1
26/04/2003,Thailand,7,2,5
26/04/2003,United Kingdom,6,0,6
26/04/2003,United States,41,0,0
26/04/2003,Viet Nam,63,5,53
28/04/2003,Brazil,2,0,2
28/04/2003,Bulgaria,1,0,0
28/04/2003,Canada,142,18,77
28/04/2003,China,2914,131,1299
28/04/2003,"Hong Kong SAR, China",1557,138,710
28/04/2003,"Taiwan, China",66,0,25
28/04/2003,France,5,0,1
28/04/2003,Germany,7,0,6
28/04/2003,India,1,0,1
28/04/2003,Indonesia,1,0,1
28/04/2003,Italy,8,0,3
28/04/2003,Japan,2,0,0
28/04/2003,Kuwait,1,0,1
28/04/2003,Malaysia,6,2,2
28/04/2003,Mongolia,5,0,3
28/04/2003,Philippines,4,2,1
28/04/2003,Republic of Ireland,1,0,1
28/04/2003,Romania,1,0,1
28/04/2003,Singapore,199,23,137
28/04/2003,South Africa,1,0,0
28/04/2003,Spain,1,0,1
28/04/2003,Sweden,3,0,2
28/04/2003,Switzerland,1,0,1
28/04/2003,Thailand,7,2,5
28/04/2003,United Kingdom,6,0,6
28/04/2003,United States,41,0,0
28/04/2003,Viet Nam,63,5,53
29/04/2003,Brazil,2,0,2
29/04/2003,Bulgaria,1,0,0
29/04/2003,Canada,146,20,86
29/04/2003,China,3303,148,1322
29/04/2003,"Hong Kong SAR, China",1572,150,759
29/04/2003,"Taiwan, China",66,0,25
29/04/2003,France,5,0,1
29/04/2003,Germany,7,0,6
29/04/2003,India,1,0,1
29/04/2003,Indonesia,1,0,1
29/04/2003,Italy,9,0,4
29/04/2003,Japan,2,0,0
29/04/2003,Kuwait,1,0,1
29/04/2003,Malaysia,6,2,3
29/04/2003,Mongolia,5,0,3
29/04/2003,Philippines,4,2,1
29/04/2003,Republic of Ireland,1,0,1
29/04/2003,Republic of Korea,1,0,0
29/04/2003,Romania,1,0,1
29/04/2003,Singapore,201,24,139
29/04/2003,South Africa,1,0,0
29/04/2003,Spain,1,0,1
29/04/2003,Sweden,3,0,2
29/04/2003,Switzerland,1,0,1
29/04/2003,Thailand,7,2,5
29/04/2003,United Kingdom,6,0,6
29/04/2003,United States,41,0,0
29/04/2003,Viet Nam,63,5,53
30/04/2003,Brazil,2,0,2
30/04/2003,Bulgaria,1,0,0
30/04/2003,Canada,148,20,87
30/04/2003,China,3460,159,1332
30/04/2003,"Hong Kong SAR, China",1589,157,791
30/04/2003,"Macao SAR, China",1,0,0
30/04/2003,"Taiwan, China",78,1,25
30/04/2003,France,5,0,1
30/04/2003,Germany,7,0,7
30/04/2003,Indonesia,2,0,1
30/04/2003,Italy,9,0,4
30/04/2003,Japan,2,0,0
30/04/2003,Kuwait,1,0,1
30/04/2003,Malaysia,6,2,3
30/04/2003,Mongolia,6,0,3
30/04/2003,Philippines,4,2,1
30/04/2003,Republic of Ireland,1,0,1
30/04/2003,Republic of Korea,1,0,0
30/04/2003,Romania,1,0,1
30/04/2003,Singapore,201,24,139
30/04/2003,South Africa,1,0,0
30/04/2003,Spain,1,0,1
30/04/2003,Sweden,3,0,2
30/04/2003,Switzerland,1,0,1
30/04/2003,Thailand,7,2,5
30/04/2003,United Kingdom,6,0,6
30/04/2003,United States,52,0,0
30/04/2003,Viet Nam,63,5,53
01/05/2003,Brazil,2,0,2
01/05/2003,Bulgaria,1,0,0
01/05/2003,Canada,147,20,87
01/05/2003,China,3638,170,1351
01/05/2003,"Hong Kong SAR, China",1600,162,834
01/05/2003,"Macao SAR, China",1,0,0
01/05/2003,"Taiwan, China",89,3,25
01/05/2003,France,5,0,1
01/05/2003,Germany,7,0,7
01/05/2003,Indonesia,2,0,1
01/05/2003,Italy,9,0,4
01/05/2003,Japan,2,0,0
01/05/2003,Kuwait,1,0,1
01/05/2003,Malaysia,6,2,3
01/05/2003,Mongolia,6,0,3
01/05/2003,Philippines,4,2,1
01/05/2003,Poland,1,0,0
01/05/2003,Republic of Ireland,1,0,1
01/05/2003,Republic of Korea,1,0,0
01/05/2003,Romania,1,0,1
01/05/2003,Singapore,201,25,143
01/05/2003,South Africa,1,0,0
01/05/2003,Spain,1,0,1
01/05/2003,Sweden,3,0,2
01/05/2003,Switzerland,1,0,1
01/05/2003,Thailand,7,2,5
01/05/2003,United Kingdom,6,0,6
01/05/2003,United States,54,0,23
01/05/2003,Viet Nam,63,5,56
02/05/2003,Brazil,2,0,2
02/05/2003,Bulgaria,1,0,0
02/05/2003,Canada,149,22,93
02/05/2003,China,3799,181,1372
02/05/2003,"Hong Kong SAR, China",1611,170,878
02/05/2003,"Macao SAR, China",1,0,0
02/05/2003,"Taiwan, China",100,8,25
02/05/2003,France,5,0,4
02/05/2003,Germany,7,0,7
02/05/2003,Indonesia,2,0,1
02/05/2003,Italy,9,0,4
02/05/2003,Kuwait,1,0,1
02/05/2003,Malaysia,6,2,3
02/05/2003,Mongolia,8,0,4
02/05/2003,New Zealand,1,0,1
02/05/2003,Philippines,3,2,1
02/05/2003,Poland,1,0,0
02/05/2003,Republic of Ireland,1,0,1
02/05/2003,Republic of Korea,1,0,0
02/05/2003,Romania,1,0,1
02/05/2003,Singapore,203,25,146
02/05/2003,South Africa,1,0,0
02/05/2003,Spain,1,0,1
02/05/2003,Sweden,3,0,2
02/05/2003,Switzerland,1,0,1
02/05/2003,Thailand,7,2,5
02/05/2003,United Kingdom,6,0,6
02/05/2003,United States,56,0,24
02/05/2003,Viet Nam,63,5,56
03/05/2003,Brazil,2,0,2
03/05/2003,Bulgaria,1,0,0
03/05/2003,Canada,149,22,94
03/05/2003,China,3971,190,1406
03/05/2003,"Hong Kong SAR, China",1621,179,898
03/05/2003,"Macao SAR, China",1,0,0
03/05/2003,"Taiwan, China",100,8,25
03/05/2003,France,5,0,4
03/05/2003,Germany,7,0,7
03/05/2003,Indonesia,2,0,1
03/05/2003,Italy,9,0,4
03/05/2003,Kuwait,1,0,1
03/05/2003,Malaysia,6,2,3
03/05/2003,Mongolia,8,0,4
03/05/2003,New Zealand,1,0,1
03/05/2003,Philippines,3,2,1
03/05/2003,Poland,1,0,0
03/05/2003,Republic of Ireland,1,0,1
03/05/2003,Republic of Korea,1,0,0
03/05/2003,Romania,1,0,1
03/05/2003,Singapore,203,25,147
03/05/2003,South Africa,1,0,1
03/05/2003,Spain,1,0,1
03/05/2003,Sweden,3,0,2
03/05/2003,Switzerland,1,0,1
03/05/2003,Thailand,7,2,5
03/05/2003,United Kingdom,6,0,6
03/05/2003,United States,54,0,24
03/05/2003,Viet Nam,63,5,58
05/05/2003,Brazil,2,0,2
05/05/2003,Bulgaria,1,0,0
05/05/2003,Canada,148,22,93
05/05/2003,China,4280,206,1433
05/05/2003,"Hong Kong SAR, China",1637,187,930
05/05/2003,"Macao SAR, China",1,0,0
05/05/2003,"Taiwan, China",116,8,25
05/05/2003,France,5,0,4
05/05/2003,Germany,7,0,7
05/05/2003,Indonesia,2,0,1
05/05/2003,Italy,9,0,4
05/05/2003,Kuwait,1,0,1
05/05/2003,Malaysia,7,2,4
05/05/2003,Mongolia,8,0,4
05/05/2003,New Zealand,1,0,1
05/05/2003,Philippines,3,2,1
05/05/2003,Poland,1,0,0
05/05/2003,Republic of Ireland,1,0,1
05/05/2003,Republic of Korea,1,0,0
05/05/2003,Romania,1,0,1
05/05/2003,Singapore,204,26,149
05/05/2003,South Africa,1,1,0
05/05/2003,Spain,1,0,1
05/05/2003,Sweden,3,0,2
05/05/2003,Switzerland,1,0,1
05/05/2003,Thailand,7,2,5
05/05/2003,United Kingdom,6,0,6
05/05/2003,United States,61,0,26
05/05/2003,Viet Nam,63,5,58
06/05/2003,Brazil,2,0,2
06/05/2003,Bulgaria,1,0,0
06/05/2003,Canada,148,22,93
06/05/2003,China,4409,214,1460
06/05/2003,"Hong Kong SAR, China",1646,193,958
06/05/2003,"Macao SAR, China",1,0,0
06/05/2003,"Taiwan, China",116,10,25
06/05/2003,Colombia,1,0,1
06/05/2003,France,5,0,4
06/05/2003,Germany,7,0,7
06/05/2003,India,1,0,0
06/05/2003,Indonesia,2,0,1
06/05/2003,Italy,9,0,4
06/05/2003,Kuwait,1,0,1
06/05/2003,Malaysia,7,2,4
06/05/2003,Mongolia,8,0,4
06/05/2003,New Zealand,1,0,1
06/05/2003,Philippines,3,2,1
06/05/2003,Poland,1,0,0
06/05/2003,Republic of Ireland,1,0,1
06/05/2003,Republic of Korea,1,0,0
06/05/2003,Romania,1,0,1
06/05/2003,Singapore,204,27,149
06/05/2003,South Africa,1,1,0
06/05/2003,Spain,1,0,1
06/05/2003,Sweden,3,0,2
06/05/2003,Switzerland,1,0,1
06/05/2003,Thailand,7,2,5
06/05/2003,United Kingdom,6,0,6
06/05/2003,United States,65,0,32
06/05/2003,Viet Nam,63,5,58
07/05/2003,Brazil,2,0,2
07/05/2003,Bulgaria,1,0,0
07/05/2003,Canada,146,22,93
07/05/2003,China,4560,219,1487
07/05/2003,"Hong Kong SAR, China",1654,204,984
07/05/2003,"Macao SAR, China",1,0,0
07/05/2003,"Taiwan, China",125,11,26
07/05/2003,Colombia,1,0,1
07/05/2003,France,6,0,4
07/05/2003,Germany,8,0,7
07/05/2003,India,1,0,0
07/05/2003,Indonesia,2,0,1
07/05/2003,Italy,9,0,5
07/05/2003,Kuwait,1,0,1
07/05/2003,Malaysia,7,2,4
07/05/2003,Mongolia,9,0,6
07/05/2003,New Zealand,1,0,1
07/05/2003,Philippines,10,2,2
07/05/2003,Poland,1,0,0
07/05/2003,Republic of Ireland,1,0,1
07/05/2003,Republic of Korea,1,0,0
07/05/2003,Romania,1,0,1
07/05/2003,Singapore,204,27,150
07/05/2003,South Africa,1,1,0
07/05/2003,Spain,1,0,1
07/05/2003,Sweden,3,0,2
07/05/2003,Switzerland,1,0,1
07/05/2003,Thailand,7,2,5
07/05/2003,United Kingdom,6,0,6
07/05/2003,United States,65,0,32
07/05/2003,Viet Nam,63,5,58
08/05/2003,Brazil,2,0,2
08/05/2003,Bulgaria,1,0,0
08/05/2003,Canada,146,22,95
08/05/2003,China,4698,224,1529
08/05/2003,"Hong Kong SAR, China",1661,208,1008
08/05/2003,"Macao SAR, China",1,0,0
08/05/2003,"Taiwan, China",131,13,26
08/05/2003,Colombia,1,0,1
08/05/2003,Finland,1,0,0
08/05/2003,France,6,0,4
08/05/2003,Germany,8,0,7
08/05/2003,India,1,0,0
08/05/2003,Indonesia,2,0,1
08/05/2003,Italy,9,0,6
08/05/2003,Kuwait,1,0,1
08/05/2003,Malaysia,7,2,4
08/05/2003,Mongolia,9,0,6
08/05/2003,New Zealand,1,0,1
08/05/2003,Philippines,10,2,2
08/05/2003,Poland,1,0,0
08/05/2003,Republic of Ireland,1,0,1
08/05/2003,Republic of Korea,1,0,1
08/05/2003,Romania,1,0,1
08/05/2003,Singapore,204,27,153
08/05/2003,South Africa,1,1,0
08/05/2003,Spain,1,0,1
08/05/2003,Sweden,3,0,2
08/05/2003,Switzerland,1,0,1
08/05/2003,Thailand,7,2,5
08/05/2003,United Kingdom,6,0,6
08/05/2003,United States,63,0,33
08/05/2003,Viet Nam,63,5,58
09/05/2003,Brazil,2,0,2
09/05/2003,Bulgaria,1,0,0
09/05/2003,Canada,145,22,94
09/05/2003,China,4805,230,1582
09/05/2003,"Hong Kong SAR, China",1667,210,1015
09/05/2003,"Macao SAR, China",1,0,0
09/05/2003,"Taiwan, China",149,13,26
09/05/2003,Colombia,1,0,1
09/05/2003,Finland,1,0,0
09/05/2003,France,6,0,4
09/05/2003,Germany,9,0,9
09/05/2003,India,1,0,0
09/05/2003,Indonesia,2,0,1
09/05/2003,Italy,9,0,9
09/05/2003,Kuwait,1,0,1
09/05/2003,Malaysia,6,2,4
09/05/2003,Mongolia,9,0,6
09/05/2003,New Zealand,1,0,1
09/05/2003,Philippines,10,2,2
09/05/2003,Poland,1,0,0
09/05/2003,Republic of Ireland,1,0,1
09/05/2003,Republic of Korea,1,0,1
09/05/2003,Romania,1,0,1
09/05/2003,Singapore,204,27,153
09/05/2003,South Africa,1,1,0
09/05/2003,Spain,1,0,1
09/05/2003,Sweden,3,0,2
09/05/2003,Switzerland,1,0,1
09/05/2003,Thailand,7,2,5
09/05/2003,United Kingdom,6,0,6
09/05/2003,United States,63,0,33
09/05/2003,Viet Nam,63,5,58
10/05/2003,Brazil,2,0,2
10/05/2003,Bulgaria,1,0,0
10/05/2003,Canada,145,22,97
10/05/2003,China,4884,235,1620
10/05/2003,"Hong Kong SAR, China",1674,212,1035
10/05/2003,"Macao SAR, China",1,0,0
10/05/2003,"Taiwan, China",172,18,26
10/05/2003,Colombia,1,0,1
10/05/2003,Finland,1,0,0
10/05/2003,France,7,0,4
10/05/2003,Germany,9,0,9
10/05/2003,India,1,0,0
10/05/2003,Indonesia,2,0,1
10/05/2003,Italy,9,0,9
10/05/2003,Kuwait,1,0,1
10/05/2003,Malaysia,7,2,4
10/05/2003,Mongolia,9,0,6
10/05/2003,New Zealand,1,0,1
10/05/2003,Philippines,10,2,2
10/05/2003,Poland,1,0,0
10/05/2003,Republic of Ireland,1,0,1
10/05/2003,Republic of Korea,1,0,1
10/05/2003,Romania,1,0,1
10/05/2003,Singapore,205,27,155
10/05/2003,South Africa,1,1,0
10/05/2003,Spain,1,0,1
10/05/2003,Sweden,3,0,2
10/05/2003,Switzerland,1,0,1
10/05/2003,Thailand,7,2,5
10/05/2003,United Kingdom,6,0,6
10/05/2003,United States,64,0,34
10/05/2003,Viet Nam,63,5,58
12/05/2003,Brazil,2,0,2
12/05/2003,Bulgaria,1,0,0
12/05/2003,Canada,143,22,98
12/05/2003,China,5013,252,1693
12/05/2003,"Hong Kong SAR, China",1683,218,1066
12/05/2003,"Macao SAR, China",1,0,0
12/05/2003,"Taiwan, China",184,20,26
12/05/2003,Colombia,1,0,1
12/05/2003,Finland,1,0,0
12/05/2003,France,7,0,4
12/05/2003,Germany,9,0,9
12/05/2003,India,1,0,0
12/05/2003,Indonesia,2,0,1
12/05/2003,Italy,9,0,8
12/05/2003,Kuwait,1,0,1
12/05/2003,Malaysia,7,2,4
12/05/2003,Mongolia,9,0,6
12/05/2003,New Zealand,1,0,1
12/05/2003,Philippines,10,2,3
12/05/2003,Poland,1,0,0
12/05/2003,Republic of Ireland,1,0,1
12/05/2003,Republic of Korea,2,0,1
12/05/2003,Romania,1,0,1
12/05/2003,Singapore,205,28,156
12/05/2003,South Africa,1,1,0
12/05/2003,Spain,1,0,1
12/05/2003,Sweden,3,0,2
12/05/2003,Switzerland,1,0,1
12/05/2003,Thailand,7,2,5
12/05/2003,United Kingdom,6,0,6
12/05/2003,United States,64,0,34
12/05/2003,Viet Nam,63,5,58
13/05/2003,Brazil,2,0,2
13/05/2003,Bulgaria,1,0,0
13/05/2003,Canada,143,22,99
13/05/2003,China,5086,262,1765
13/05/2003,"Hong Kong SAR, China",1689,225,1090
13/05/2003,"Macao SAR, China",1,0,0
13/05/2003,"Taiwan, China",207,24,30
13/05/2003,Colombia,1,0,1
13/05/2003,Finland,1,0,0
13/05/2003,France,7,0,4
13/05/2003,Germany,9,0,9
13/05/2003,India,3,0,0
13/05/2003,Indonesia,2,0,1
13/05/2003,Italy,9,0,9
13/05/2003,Kuwait,1,0,1
13/05/2003,Malaysia,7,2,4
13/05/2003,Mongolia,9,0,6
13/05/2003,New Zealand,1,0,1
13/05/2003,Philippines,10,2,3
13/05/2003,Republic of Ireland,1,0,1
13/05/2003,Republic of Korea,2,0,1
13/05/2003,Romania,1,0,1
13/05/2003,Singapore,205,28,157
13/05/2003,South Africa,1,1,0
13/05/2003,Spain,1,0,1
13/05/2003,Sweden,3,0,3
13/05/2003,Switzerland,1,0,1
13/05/2003,Thailand,7,2,5
13/05/2003,United Kingdom,4,0,4
13/05/2003,United States,64,0,35
13/05/2003,Viet Nam,63,5,58
14/05/2003,Brazil,2,0,2
14/05/2003,Bulgaria,1,0,0
14/05/2003,Canada,143,23,104
14/05/2003,China,5124,267,1811
14/05/2003,"Hong Kong SAR, China",1698,227,1128
14/05/2003,"Macao SAR, China",1,0,0
14/05/2003,"Taiwan, China",238,30,38
14/05/2003,Colombia,1,0,1
14/05/2003,Finland,1,0,0
14/05/2003,France,7,0,4
14/05/2003,Germany,9,0,9
14/05/2003,India,3,0,0
14/05/2003,Indonesia,2,0,2
14/05/2003,Italy,9,0,9
14/05/2003,Kuwait,1,0,1
14/05/2003,Malaysia,7,2,5
14/05/2003,Mongolia,9,0,6
14/05/2003,New Zealand,1,0,1
14/05/2003,Philippines,10,2,3
14/05/2003,Republic of Ireland,1,0,1
14/05/2003,Republic of Korea,3,0,1
14/05/2003,Romania,1,0,1
14/05/2003,Singapore,205,28,157
14/05/2003,South Africa,1,1,0
14/05/2003,Spain,1,0,1
14/05/2003,Sweden,3,0,3
14/05/2003,Switzerland,1,0,1
14/05/2003,Thailand,8,2,5
14/05/2003,United Kingdom,4,0,4
14/05/2003,United States,64,0,35
14/05/2003,Viet Nam,63,5,58
15/05/2003,Brazil,2,0,2
15/05/2003,Bulgaria,1,0,0
15/05/2003,Canada,142,23,107
15/05/2003,China,5163,271,1858
15/05/2003,"Hong Kong SAR, China",1703,234,1160
15/05/2003,"Macao SAR, China",1,0,0
15/05/2003,"Taiwan, China",264,30,38
15/05/2003,Colombia,1,0,1
15/05/2003,Finland,1,0,0
15/05/2003,France,7,0,4
15/05/2003,Germany,9,0,9
15/05/2003,India,3,0,3
15/05/2003,Indonesia,2,0,2
15/05/2003,Italy,9,0,9
15/05/2003,Kuwait,1,0,1
15/05/2003,Malaysia,7,2,5
15/05/2003,Mongolia,9,0,7
15/05/2003,New Zealand,1,0,1
15/05/2003,Philippines,12,2,4
15/05/2003,Republic of Ireland,1,0,1
15/05/2003,Republic of Korea,3,0,1
15/05/2003,Romania,1,0,1
15/05/2003,Singapore,205,28,157
15/05/2003,South Africa,1,1,0
15/05/2003,Spain,1,0,1
15/05/2003,Sweden,3,0,3
15/05/2003,Switzerland,1,0,1
15/05/2003,Thailand,8,2,5
15/05/2003,United Kingdom,4,0,4
15/05/2003,United States,64,0,35
15/05/2003,Viet Nam,63,5,58
16/05/2003,Brazil,2,0,2
16/05/2003,Bulgaria,1,0,0
16/05/2003,Canada,140,23,106
16/05/2003,China,5191,275,1947
16/05/2003,"Hong Kong SAR, China",1706,238,1171
16/05/2003,"Macao SAR, China",1,0,0
16/05/2003,"Taiwan, China",274,35,46
16/05/2003,Colombia,1,0,1
16/05/2003,Finland,1,0,0
16/05/2003,France,7,0,4
16/05/2003,Germany,9,0,9
16/05/2003,India,3,0,3
16/05/2003,Indonesia,2,0,2
16/05/2003,Italy,9,0,9
16/05/2003,Kuwait,1,0,1
16/05/2003,Malaysia,7,2,5
16/05/2003,Mongolia,9,0,7
16/05/2003,New Zealand,1,0,1
16/05/2003,Philippines,12,2,4
16/05/2003,Republic of Ireland,1,0,1
16/05/2003,Republic of Korea,3,0,1
16/05/2003,Romania,1,0,1
16/05/2003,Singapore,205,28,157
16/05/2003,South Africa,1,1,0
16/05/2003,Spain,1,0,1
16/05/2003,Sweden,3,0,3
16/05/2003,Switzerland,1,0,1
16/05/2003,Thailand,8,2,5
16/05/2003,United Kingdom,4,0,4
16/05/2003,United States,65,0,34
16/05/2003,Viet Nam,63,5,58
17/05/2003,Brazil,2,0,2
17/05/2003,Canada,140,23,106
17/05/2003,China,5209,282,2009
17/05/2003,"Hong Kong SAR, China",1710,243,1191
17/05/2003,"Macao SAR, China",1,0,0
17/05/2003,"Taiwan, China",274,35,46
17/05/2003,Colombia,1,0,1
17/05/2003,Finland,1,0,0
17/05/2003,France,7,0,6
17/05/2003,Germany,9,0,9
17/05/2003,India,3,0,3
17/05/2003,Indonesia,2,0,2
17/05/2003,Italy,9,0,9
17/05/2003,Kuwait,1,0,1
17/05/2003,Malaysia,7,2,5
17/05/2003,Mongolia,9,0,7
17/05/2003,New Zealand,1,0,1
17/05/2003,Philippines,12,2,4
17/05/2003,Republic of Ireland,1,0,1
17/05/2003,Republic of Korea,3,0,1
17/05/2003,Romania,1,0,1
17/05/2003,Singapore,205,28,157
17/05/2003,South Africa,1,1,0
17/05/2003,Spain,1,0,1
17/05/2003,Sweden,3,0,3
17/05/2003,Switzerland,1,0,1
17/05/2003,Thailand,8,2,5
17/05/2003,United Kingdom,4,0,4
17/05/2003,United States,66,0,34
17/05/2003,Viet Nam,63,5,58
19/05/2003,Brazil,2,0,2
19/05/2003,Canada,140,23,106
19/05/2003,China,5236,289,2148
19/05/2003,"Hong Kong SAR, China",1714,251,1213
19/05/2003,"Macao SAR, China",1,0,0
19/05/2003,"Taiwan, China",344,40,50
19/05/2003,Colombia,1,0,1
19/05/2003,Finland,1,0,0
19/05/2003,France,7,0,6
19/05/2003,Germany,9,0,9
19/05/2003,India,3,0,3
19/05/2003,Indonesia,2,0,2
19/05/2003,Italy,9,0,9
19/05/2003,Kuwait,1,0,1
19/05/2003,Malaysia,7,2,5
19/05/2003,Mongolia,9,0,8
19/05/2003,New Zealand,1,0,1
19/05/2003,Philippines,12,2,8
19/05/2003,Republic of Ireland,1,0,1
19/05/2003,Republic of Korea,3,0,1
19/05/2003,Romania,1,0,1
19/05/2003,Singapore,206,28,160
19/05/2003,South Africa,1,1,0
19/05/2003,Spain,1,0,1
19/05/2003,Sweden,3,0,3
19/05/2003,Switzerland,1,0,1
19/05/2003,Thailand,8,2,5
19/05/2003,United Kingdom,4,0,4
19/05/2003,United States,67,0,34
19/05/2003,Viet Nam,63,5,58
20/05/2003,Brazil,2,0,2
20/05/2003,Canada,140,23,106
20/05/2003,China,5248,294,2254
20/05/2003,"Hong Kong SAR, China",1718,253,1229
20/05/2003,"Macao SAR, China",1,0,0
20/05/2003,"Taiwan, China",383,52,63
20/05/2003,Colombia,1,0,1
20/05/2003,Finland,1,0,0
20/05/2003,France,7,0,6
20/05/2003,Germany,9,0,9
20/05/2003,India,3,0,3
20/05/2003,Indonesia,2,0,2
20/05/2003,Italy,9,0,9
20/05/2003,Kuwait,1,0,1
20/05/2003,Malaysia,7,2,5
20/05/2003,Mongolia,9,0,8
20/05/2003,New Zealand,1,0,1
20/05/2003,Philippines,12,2,8
20/05/2003,Republic of Ireland,1,0,1
20/05/2003,Republic of Korea,3,0,2
20/05/2003,Romania,1,0,1
20/05/2003,Singapore,206,28,161
20/05/2003,South Africa,1,1,0
20/05/2003,Spain,1,0,1
20/05/2003,Sweden,3,0,3
20/05/2003,Switzerland,1,0,1
20/05/2003,Thailand,8,2,5
20/05/2003,United Kingdom,4,0,4
20/05/2003,United States,67,0,34
20/05/2003,Viet Nam,63,5,58
21/05/2003,Brazil,2,0,2
21/05/2003,Canada,140,23,108
21/05/2003,China,5249,296,2335
21/05/2003,"Hong Kong SAR, China",1719,255,1237
21/05/2003,"Macao SAR, China",1,0,0
21/05/2003,"Taiwan, China",418,52,71
21/05/2003,Colombia,1,0,1
21/05/2003,Finland,1,0,1
21/05/2003,France,7,0,6
21/05/2003,Germany,9,0,9
21/05/2003,India,3,0,3
21/05/2003,Indonesia,2,0,2
21/05/2003,Italy,9,0,9
21/05/2003,Kuwait,1,0,1
21/05/2003,Malaysia,8,2,5
21/05/2003,Mongolia,9,0,8
21/05/2003,New Zealand,1,0,1
21/05/2003,Philippines,12,2,10
21/05/2003,Republic of Ireland,1,0,1
21/05/2003,Republic of Korea,3,0,2
21/05/2003,Romania,1,0,1
21/05/2003,Singapore,206,28,161
21/05/2003,South Africa,1,1,0
21/05/2003,Spain,1,0,1
21/05/2003,Sweden,3,0,3
21/05/2003,Switzerland,1,0,1
21/05/2003,Thailand,8,2,5
21/05/2003,United Kingdom,4,0,4
21/05/2003,United States,66,0,33
21/05/2003,Viet Nam,63,5,58
22/05/2003,Australia,6,0,6
22/05/2003,Brazil,2,0,2
22/05/2003,Canada,140,23,109
22/05/2003,China,5271,300,2445
22/05/2003,"Hong Kong SAR, China",1722,258,1247
22/05/2003,"Macao SAR, China",2,0,0
22/05/2003,"Taiwan, China",483,60,74
22/05/2003,Colombia,1,0,1
22/05/2003,Finland,1,0,1
22/05/2003,France,7,0,6
22/05/2003,Germany,9,0,9
22/05/2003,India,3,0,3
22/05/2003,Indonesia,2,0,2
22/05/2003,Italy,9,0,9
22/05/2003,Kuwait,1,0,1
22/05/2003,Malaysia,8,2,5
22/05/2003,Mongolia,9,0,8
22/05/2003,New Zealand,1,0,1
22/05/2003,Philippines,12,2,10
22/05/2003,Republic of Ireland,1,0,1
22/05/2003,Republic of Korea,3,0,2
22/05/2003,Romania,1,0,1
22/05/2003,Singapore,206,29,162
22/05/2003,South Africa,1,1,0
22/05/2003,Spain,1,0,1
22/05/2003,Sweden,3,0,3
22/05/2003,Switzerland,1,0,1
22/05/2003,Thailand,8,2,5
22/05/2003,United Kingdom,4,0,4
22/05/2003,United States,65,0,33
22/05/2003,Viet Nam,63,5,58
23/05/2003,Brazil,2,0,2
23/05/2003,Canada,140,23,109
23/05/2003,China,5285,303,2544
23/05/2003,"Hong Kong SAR, China",1724,260,1255
23/05/2003,"Macao SAR, China",2,0,0
23/05/2003,"Taiwan, China",538,60,82
23/05/2003,Colombia,1,0,1
23/05/2003,Finland,1,0,1
23/05/2003,France,7,0,6
23/05/2003,Germany,9,0,9
23/05/2003,India,3,0,3
23/05/2003,Indonesia,2,0,2
23/05/2003,Italy,9,0,9
23/05/2003,Kuwait,1,0,1
23/05/2003,Malaysia,8,2,5
23/05/2003,Mongolia,9,0,8
23/05/2003,New Zealand,1,0,1
23/05/2003,Philippines,12,2,10
23/05/2003,Republic of Ireland,1,0,1
23/05/2003,Republic of Korea,3,0,2
23/05/2003,Romania,1,0,1
23/05/2003,Singapore,206,31,163
23/05/2003,South Africa,1,1,0
23/05/2003,Spain,1,0,1
23/05/2003,Sweden,3,0,3
23/05/2003,Switzerland,1,0,1
23/05/2003,Thailand,8,2,5
23/05/2003,United Kingdom,4,0,4
23/05/2003,United States,65,0,33
23/05/2003,Viet Nam,63,5,58
24/05/2003,Brazil,2,0,2
24/05/2003,Canada,140,23,109
24/05/2003,China,5309,308,2675
24/05/2003,"Hong Kong SAR, China",1724,262,1266
24/05/2003,"Macao SAR, China",2,0,0
24/05/2003,"Taiwan, China",538,60,82
24/05/2003,Colombia,1,0,1
24/05/2003,Finland,1,0,1
24/05/2003,France,7,0,6
24/05/2003,Germany,9,0,9
24/05/2003,India,3,0,3
24/05/2003,Indonesia,2,0,2
24/05/2003,Italy,9,0,9
24/05/2003,Kuwait,1,0,1
24/05/2003,Malaysia,8,2,5
24/05/2003,Mongolia,9,0,8
24/05/2003,New Zealand,1,0,1
24/05/2003,Philippines,12,2,10
24/05/2003,Republic of Ireland,1,0,1
24/05/2003,Republic of Korea,3,0,2
24/05/2003,Romania,1,0,1
24/05/2003,Singapore,206,31,163
24/05/2003,South Africa,1,1,0
24/05/2003,Spain,1,0,1
24/05/2003,Sweden,3,0,3
24/05/2003,Switzerland,1,0,1
24/05/2003,Thailand,8,2,5
24/05/2003,United Kingdom,4,0,4
24/05/2003,United States,65,0,33
24/05/2003,Viet Nam,63,5,58
26/05/2003,Brazil,2,0,2
26/05/2003,Canada,148,26,110
26/05/2003,China,5316,317,2829
26/05/2003,"Hong Kong SAR, China",1726,267,1276
26/05/2003,"Macao SAR, China",2,0,0
26/05/2003,"Taiwan, China",585,72,112
26/05/2003,Colombia,1,0,1
26/05/2003,Finland,1,0,1
26/05/2003,France,7,0,6
26/05/2003,Germany,9,0,9
26/05/2003,India,3,0,3
26/05/2003,Indonesia,2,0,2
26/05/2003,Italy,9,0,9
26/05/2003,Kuwait,1,0,1
26/05/2003,Malaysia,5,2,3
26/05/2003,Mongolia,9,0,8
26/05/2003,New Zealand,1,0,1
26/05/2003,Philippines,12,2,10
26/05/2003,Republic of Ireland,1,0,1
26/05/2003,Republic of Korea,3,0,2
26/05/2003,Romania,1,0,1
26/05/2003,Singapore,206,31,163
26/05/2003,South Africa,1,1,0
26/05/2003,Spain,1,0,1
26/05/2003,Sweden,3,0,3
26/05/2003,Switzerland,1,0,1
26/05/2003,Thailand,8,2,6
26/05/2003,United Kingdom,4,0,4
26/05/2003,United States,65,0,33
26/05/2003,Viet Nam,63,5,58
27/05/2003,Brazil,2,0,2
27/05/2003,Canada,148,26,111
27/05/2003,China,5322,321,2944
27/05/2003,"Hong Kong SAR, China",1728,269,1285
27/05/2003,"Macao SAR, China",2,0,0
27/05/2003,"Taiwan, China",596,76,112
27/05/2003,Colombia,1,0,1
27/05/2003,Finland,1,0,1
27/05/2003,France,7,0,6
27/05/2003,Germany,9,0,9
27/05/2003,India,3,0,3
27/05/2003,Indonesia,2,0,2
27/05/2003,Italy,9,0,9
27/05/2003,Kuwait,1,0,1
27/05/2003,Malaysia,5,2,3
27/05/2003,Mongolia,9,0,9
27/05/2003,New Zealand,1,0,1
27/05/2003,Philippines,12,2,10
27/05/2003,Republic of Ireland,1,0,1
27/05/2003,Republic of Korea,3,0,2
27/05/2003,Romania,1,0,1
27/05/2003,Singapore,206,31,163
27/05/2003,South Africa,1,1,0
27/05/2003,Spain,1,0,1
27/05/2003,Sweden,3,0,3
27/05/2003,Switzerland,1,0,1
27/05/2003,Thailand,8,2,6
27/05/2003,United Kingdom,4,0,4
27/05/2003,United States,65,0,32
27/05/2003,Viet Nam,63,5,58
28/05/2003,Australia,6,0,6
28/05/2003,Brazil,2,0,2
28/05/2003,Canada,149,26,111
28/05/2003,China,5323,325,3036
28/05/2003,"Hong Kong SAR, China",1730,270,1295
28/05/2003,"Macao SAR, China",2,0,0
28/05/2003,"Taiwan, China",610,81,112
28/05/2003,Colombia,1,0,1
28/05/2003,Finland,1,0,1
28/05/2003,France,7,0,6
28/05/2003,Germany,9,0,9
28/05/2003,India,3,0,3
28/05/2003,Indonesia,2,0,2
28/05/2003,Italy,9,0,9
28/05/2003,Kuwait,1,0,1
28/05/2003,Malaysia,5,2,3
28/05/2003,Mongolia,9,0,9
28/05/2003,New Zealand,1,0,1
28/05/2003,Philippines,12,2,10
28/05/2003,Republic of Ireland,1,0,1
28/05/2003,Republic of Korea,3,0,2
28/05/2003,Romania,1,0,1
28/05/2003,Singapore,206,31,165
28/05/2003,South Africa,1,1,0
28/05/2003,Spain,1,0,1
28/05/2003,Sweden,3,0,3
28/05/2003,Switzerland,1,0,1
28/05/2003,Thailand,8,2,6
28/05/2003,United Kingdom,4,0,4
28/05/2003,United States,66,0,32
28/05/2003,Viet Nam,63,5,58
29/05/2003,Australia,6,0,6
29/05/2003,Brazil,2,0,2
29/05/2003,Canada,151,26,112
29/05/2003,China,5325,327,3121
29/05/2003,"Hong Kong SAR, China",1732,273,1302
29/05/2003,"Macao SAR, China",1,0,0
29/05/2003,"Taiwan, China",660,81,122
29/05/2003,Colombia,1,0,1
29/05/2003,Finland,1,0,1
29/05/2003,France,7,0,6
29/05/2003,Germany,9,0,9
29/05/2003,India,3,0,3
29/05/2003,Indonesia,2,0,2
29/05/2003,Italy,9,0,9
29/05/2003,Kuwait,1,0,1
29/05/2003,Malaysia,5,2,3
29/05/2003,Mongolia,9,0,9
29/05/2003,New Zealand,1,0,1
29/05/2003,Philippines,12,2,10
29/05/2003,Republic of Ireland,1,0,1
29/05/2003,Republic of Korea,3,0,2
29/05/2003,Romania,1,0,1
29/05/2003,Singapore,206,31,165
29/05/2003,South Africa,1,1,0
29/05/2003,Spain,1,0,1
29/05/2003,Sweden,3,0,3
29/05/2003,Switzerland,1,0,1
29/05/2003,Thailand,8,2,6
29/05/2003,United Kingdom,4,0,4
29/05/2003,United States,66,0,32
29/05/2003,Viet Nam,63,5,58
30/05/2003,Brazil,2,0,2
30/05/2003,Canada,159,28,112
30/05/2003,China,5328,328,3250
30/05/2003,"Hong Kong SAR, China",1736,274,1304
30/05/2003,"Macao SAR, China",1,0,0
30/05/2003,"Taiwan, China",667,81,125
30/05/2003,Colombia,1,0,1
30/05/2003,Finland,1,0,1
30/05/2003,France,7,0,6
30/05/2003,Germany,9,0,9
30/05/2003,India,3,0,3
30/05/2003,Indonesia,2,0,2
30/05/2003,Italy,9,0,9
30/05/2003,Kuwait,1,0,1
30/05/2003,Malaysia,5,2,3
30/05/2003,Mongolia,9,0,9
30/05/2003,New Zealand,1,0,1
30/05/2003,Philippines,12,2,10
30/05/2003,Republic of Ireland,1,0,1
30/05/2003,Republic of Korea,3,0,3
30/05/2003,Romania,1,0,1
30/05/2003,Singapore,206,31,165
30/05/2003,South Africa,1,1,0
30/05/2003,Spain,1,0,1
30/05/2003,Sweden,3,0,3
30/05/2003,Switzerland,1,0,1
30/05/2003,Thailand,8,2,6
30/05/2003,United Kingdom,4,0,4
30/05/2003,United States,66,0,32
30/05/2003,Viet Nam,63,5,58
31/05/2003,Brazil,2,0,2
31/05/2003,Canada,188,30,116
31/05/2003,China,5328,332,3371
31/05/2003,"Hong Kong SAR, China",1739,278,1310
31/05/2003,"Macao SAR, China",1,0,0
31/05/2003,"Taiwan, China",676,81,129
31/05/2003,Colombia,1,0,1
31/05/2003,Finland,1,0,1
31/05/2003,France,7,0,6
31/05/2003,Germany,10,0,9
31/05/2003,India,3,0,3
31/05/2003,Indonesia,2,0,2
31/05/2003,Italy,9,0,9
31/05/2003,Kuwait,1,0,1
31/05/2003,Malaysia,5,2,3
31/05/2003,Mongolia,9,0,9
31/05/2003,New Zealand,1,0,1
31/05/2003,Philippines,12,2,10
31/05/2003,Republic of Ireland,1,0,1
31/05/2003,Republic of Korea,3,0,3
31/05/2003,Romania,1,0,1
31/05/2003,Russian Federation,1,0,0
31/05/2003,Singapore,206,31,165
31/05/2003,South Africa,1,1,0
31/05/2003,Spain,1,0,1
31/05/2003,Sweden,3,0,3
31/05/2003,Switzerland,1,0,1
31/05/2003,Thailand,8,2,6
31/05/2003,United Kingdom,4,0,4
31/05/2003,United States,66,0,32
31/05/2003,Viet Nam,63,5,58
02/06/2003,Brazil,2,0,2
02/06/2003,Canada,198,30,116
02/06/2003,China,5328,334,3495
02/06/2003,"Hong Kong SAR, China",1746,282,1319
02/06/2003,"Macao SAR, China",1,0,1
02/06/2003,"Taiwan, China",684,81,134
02/06/2003,Colombia,1,0,1
02/06/2003,Finland,1,0,1
02/06/2003,France,7,0,6
02/06/2003,Germany,10,0,9
02/06/2003,India,3,0,3
02/06/2003,Indonesia,2,0,2
02/06/2003,Italy,9,0,9
02/06/2003,Kuwait,1,0,1
02/06/2003,Malaysia,5,2,3
02/06/2003,Mongolia,9,0,9
02/06/2003,New Zealand,1,0,1
02/06/2003,Philippines,12,2,10
02/06/2003,Republic of Ireland,1,0,1
02/06/2003,Republic of Korea,3,0,3
02/06/2003,Romania,1,0,1
02/06/2003,Russian Federation,1,0,0
02/06/2003,Singapore,206,31,165
02/06/2003,South Africa,1,1,0
02/06/2003,Spain,1,0,1
02/06/2003,Sweden,3,0,3
02/06/2003,Switzerland,1,0,1
02/06/2003,Thailand,8,2,6
02/06/2003,United Kingdom,4,0,4
02/06/2003,United States,66,0,32
02/06/2003,Viet Nam,63,5,58
03/06/2003,Brazil,2,0,2
03/06/2003,Canada,213,31,116
03/06/2003,China,5329,334,3558
03/06/2003,"Hong Kong SAR, China",1747,283,1326
03/06/2003,"Macao SAR, China",1,0,1
03/06/2003,"Taiwan, China",679,81,136
03/06/2003,Colombia,1,0,1
03/06/2003,Finland,1,0,1
03/06/2003,France,7,0,6
03/06/2003,Germany,10,0,9
03/06/2003,India,3,0,3
03/06/2003,Indonesia,2,0,2
03/06/2003,Italy,9,0,9
03/06/2003,Kuwait,1,0,1
03/06/2003,Malaysia,5,2,3
03/06/2003,Mongolia,9,0,9
03/06/2003,New Zealand,1,0,1
03/06/2003,Philippines,12,2,10
03/06/2003,Republic of Ireland,1,0,1
03/06/2003,Republic of Korea,3,0,3
03/06/2003,Romania,1,0,1
03/06/2003,Russian Federation,1,0,0
03/06/2003,Singapore,206,31,165
03/06/2003,South Africa,1,1,0
03/06/2003,Spain,1,0,1
03/06/2003,Sweden,3,0,3
03/06/2003,Switzerland,1,0,1
03/06/2003,Thailand,8,2,6
03/06/2003,United Kingdom,4,0,4
03/06/2003,United States,68,0,33
03/06/2003,Viet Nam,63,5,58
04/06/2003,Brazil,2,0,2
04/06/2003,Canada,216,31,121
04/06/2003,China,5329,334,3674
04/06/2003,"Hong Kong SAR, China",1748,283,1339
04/06/2003,"Macao SAR, China",1,0,1
04/06/2003,"Taiwan, China",678,81,272
04/06/2003,Colombia,1,0,1
04/06/2003,Finland,1,0,1
04/06/2003,France,7,0,6
04/06/2003,Germany,10,0,9
04/06/2003,India,3,0,3
04/06/2003,Indonesia,2,0,2
04/06/2003,Italy,9,0,9
04/06/2003,Kuwait,1,0,1
04/06/2003,Malaysia,5,2,3
04/06/2003,Mongolia,9,0,9
04/06/2003,New Zealand,1,0,1
04/06/2003,Philippines,12,2,10
04/06/2003,Republic of Ireland,1,0,1
04/06/2003,Republic of Korea,3,0,3
04/06/2003,Romania,1,0,1
04/06/2003,Russian Federation,1,0,0
04/06/2003,Singapore,206,31,165
04/06/2003,South Africa,1,1,0
04/06/2003,Spain,1,0,1
04/06/2003,Sweden,3,0,3
04/06/2003,Switzerland,1,0,1
04/06/2003,Thailand,8,2,6
04/06/2003,United Kingdom,4,0,4
04/06/2003,United States,69,0,34
04/06/2003,Viet Nam,63,5,58
05/06/2003,Brazil,2,0,2
05/06/2003,Canada,218,31,120
05/06/2003,China,5329,336,3770
05/06/2003,"Hong Kong SAR, China",1748,284,1343
05/06/2003,"Macao SAR, China",1,0,1
05/06/2003,"Taiwan, China",677,81,257
05/06/2003,Colombia,1,0,1
05/06/2003,Finland,1,0,1
05/06/2003,France,7,0,6
05/06/2003,Germany,10,0,9
05/06/2003,India,3,0,3
05/06/2003,Indonesia,2,0,2
05/06/2003,Italy,9,0,9
05/06/2003,Kuwait,1,0,1
05/06/2003,Malaysia,5,2,3
05/06/2003,Mongolia,9,0,9
05/06/2003,New Zealand,1,0,1
05/06/2003,Philippines,12,2,10
05/06/2003,Republic of Ireland,1,0,1
05/06/2003,Republic of Korea,3,0,3
05/06/2003,Romania,1,0,1
05/06/2003,Russian Federation,1,0,0
05/06/2003,Singapore,206,31,165
05/06/2003,South Africa,1,1,0
05/06/2003,Spain,1,0,1
05/06/2003,Sweden,3,0,3
05/06/2003,Switzerland,1,0,1
05/06/2003,Thailand,8,2,6
05/06/2003,United Kingdom,4,0,4
05/06/2003,United States,69,0,34
05/06/2003,Viet Nam,63,5,58
06/06/2003,Brazil,2,0,2
06/06/2003,Canada,219,31,120
06/06/2003,China,5329,338,3869
06/06/2003,"Hong Kong SAR, China",1750,286,1350
06/06/2003,"Macao SAR, China",1,0,1
06/06/2003,"Taiwan, China",676,81,257
06/06/2003,Colombia,1,0,1
06/06/2003,Finland,1,0,1
06/06/2003,France,7,0,6
06/06/2003,Germany,10,0,9
06/06/2003,India,3,0,3
06/06/2003,Indonesia,2,0,2
06/06/2003,Italy,9,0,9
06/06/2003,Kuwait,1,0,1
06/06/2003,Malaysia,5,2,3
06/06/2003,Mongolia,9,0,9
06/06/2003,New Zealand,1,0,1
06/06/2003,Philippines,12,2,10
06/06/2003,Republic of Ireland,1,0,1
06/06/2003,Republic of Korea,3,0,3
06/06/2003,Romania,1,0,1
06/06/2003,Russian Federation,1,0,0
06/06/2003,Singapore,206,31,165
06/06/2003,South Africa,1,1,0
06/06/2003,Spain,1,0,1
06/06/2003,Sweden,3,0,3
06/06/2003,Switzerland,1,0,1
06/06/2003,Thailand,8,2,6
06/06/2003,United Kingdom,4,0,4
06/06/2003,United States,68,0,35
06/06/2003,Viet Nam,63,5,58
09/06/2003,Brazil,2,0,2
09/06/2003,Canada,229,32,128
09/06/2003,China,5328,340,4186
09/06/2003,"Hong Kong SAR, China",1753,288,1365
09/06/2003,"Macao SAR, China",1,0,1
09/06/2003,"Taiwan, China",680,81,257
09/06/2003,Colombia,1,0,1
09/06/2003,Finland,1,0,1
09/06/2003,France,7,0,6
09/06/2003,Germany,10,0,9
09/06/2003,India,3,0,3
09/06/2003,Indonesia,2,0,2
09/06/2003,Italy,9,0,9
09/06/2003,Kuwait,1,0,1
09/06/2003,Malaysia,5,2,3
09/06/2003,Mongolia,9,0,9
09/06/2003,New Zealand,1,0,1
09/06/2003,Philippines,12,2,10
09/06/2003,Republic of Ireland,1,0,1
09/06/2003,Republic of Korea,3,0,3
09/06/2003,Romania,1,0,1
09/06/2003,Russian Federation,1,0,0
09/06/2003,Singapore,206,31,168
09/06/2003,South Africa,1,1,0
09/06/2003,Spain,1,0,1
09/06/2003,Sweden,3,0,3
09/06/2003,Switzerland,1,0,1
09/06/2003,Thailand,9,2,6
09/06/2003,United Kingdom,4,0,4
09/06/2003,United States,68,0,35
09/06/2003,Viet Nam,63,5,58
10/06/2003,Brazil,3,0,2
10/06/2003,Canada,229,32,131
10/06/2003,China,5328,343,4294
10/06/2003,"Hong Kong SAR, China",1754,290,1368
10/06/2003,"Macao SAR, China",1,0,1
10/06/2003,"Taiwan, China",686,81,319
10/06/2003,Colombia,1,0,1
10/06/2003,Finland,1,0,1
10/06/2003,France,7,0,6
10/06/2003,Germany,10,0,9
10/06/2003,India,3,0,3
10/06/2003,Indonesia,2,0,2
10/06/2003,Italy,9,0,9
10/06/2003,Kuwait,1,0,1
10/06/2003,Malaysia,5,2,3
10/06/2003,Mongolia,9,0,9
10/06/2003,New Zealand,1,0,1
10/06/2003,Philippines,12,2,10
10/06/2003,Republic of Ireland,1,0,1
10/06/2003,Republic of Korea,3,0,3
10/06/2003,Romania,1,0,1
10/06/2003,Russian Federation,1,0,0
10/06/2003,Singapore,206,31,168
10/06/2003,South Africa,1,1,0
10/06/2003,Spain,1,0,1
10/06/2003,Sweden,3,0,3
10/06/2003,Switzerland,1,0,1
10/06/2003,Thailand,9,2,6
10/06/2003,United Kingdom,4,0,4
10/06/2003,United States,69,0,36
10/06/2003,Viet Nam,63,5,58
11/06/2003,Brazil,3,0,2
11/06/2003,Canada,230,32,134
11/06/2003,China,5329,343,4390
11/06/2003,"Hong Kong SAR, China",1754,290,1368
11/06/2003,"Macao SAR, China",1,0,1
11/06/2003,"Taiwan, China",687,81,344
11/06/2003,Colombia,1,0,1
11/06/2003,Finland,1,0,1
11/06/2003,France,7,0,6
11/06/2003,Germany,10,0,9
11/06/2003,India,3,0,3
11/06/2003,Indonesia,2,0,2
11/06/2003,Italy,9,0,9
11/06/2003,Kuwait,1,0,1
11/06/2003,Malaysia,5,2,3
11/06/2003,Mongolia,9,0,9
11/06/2003,New Zealand,1,0,1
11/06/2003,Philippines,12,2,10
11/06/2003,Republic of Ireland,1,0,1
11/06/2003,Republic of Korea,3,0,3
11/06/2003,Romania,1,0,1
11/06/2003,Russian Federation,1,0,0
11/06/2003,Singapore,206,31,168
11/06/2003,South Africa,1,1,0
11/06/2003,Spain,1,0,1
11/06/2003,Sweden,3,0,3
11/06/2003,Switzerland,1,0,1
11/06/2003,Thailand,9,2,6
11/06/2003,United Kingdom,4,0,4
11/06/2003,United States,71,0,36
11/06/2003,Viet Nam,63,5,58
12/06/2003,Brazil,3,0,2
12/06/2003,Canada,238,32,141
12/06/2003,China,5328,343,4457
12/06/2003,"Hong Kong SAR, China",1755,291,1377
12/06/2003,"Macao SAR, China",1,0,1
12/06/2003,"Taiwan, China",688,81,347
12/06/2003,Colombia,1,0,1
12/06/2003,Finland,1,0,1
12/06/2003,France,7,0,6
12/06/2003,Germany,10,0,9
12/06/2003,India,3,0,3
12/06/2003,Indonesia,2,0,2
12/06/2003,Italy,9,0,9
12/06/2003,Kuwait,1,0,1
12/06/2003,Malaysia,5,2,3
12/06/2003,Mongolia,9,0,9
12/06/2003,New Zealand,1,0,1
12/06/2003,Philippines,14,2,12
12/06/2003,Republic of Ireland,1,0,1
12/06/2003,Republic of Korea,3,0,3
12/06/2003,Romania,1,0,1
12/06/2003,Russian Federation,1,0,0
12/06/2003,Singapore,206,31,169
12/06/2003,South Africa,1,1,0
12/06/2003,Spain,1,0,1
12/06/2003,Sweden,3,0,3
12/06/2003,Switzerland,1,0,1
12/06/2003,Thailand,9,2,6
12/06/2003,United Kingdom,4,0,4
12/06/2003,United States,70,0,36
12/06/2003,Viet Nam,63,5,58
13/06/2003,Brazil,3,0,2
13/06/2003,Canada,242,32,150
13/06/2003,China,5327,343,4530
13/06/2003,"Hong Kong SAR, China",1755,293,1380
13/06/2003,"Macao SAR, China",1,0,1
13/06/2003,"Taiwan, China",693,81,385
13/06/2003,Colombia,1,0,1
13/06/2003,Finland,1,0,1
13/06/2003,France,7,0,6
13/06/2003,Germany,10,0,9
13/06/2003,India,3,0,3
13/06/2003,Indonesia,2,0,2
13/06/2003,Italy,9,0,9
13/06/2003,Kuwait,1,0,1
13/06/2003,Malaysia,5,2,3
13/06/2003,Mongolia,9,0,9
13/06/2003,New Zealand,1,0,1
13/06/2003,Philippines,14,2,12
13/06/2003,Republic of Ireland,1,0,1
13/06/2003,Republic of Korea,3,0,3
13/06/2003,Romania,1,0,1
13/06/2003,Russian Federation,1,0,0
13/06/2003,Singapore,206,31,169
13/06/2003,South Africa,1,1,0
13/06/2003,Spain,1,0,1
13/06/2003,Sweden,3,0,3
13/06/2003,Switzerland,1,0,1
13/06/2003,Thailand,9,2,6
13/06/2003,United Kingdom,4,0,4
13/06/2003,United States,71,0,36
13/06/2003,Viet Nam,63,5,58
16/06/2003,Brazil,3,0,2
16/06/2003,Canada,243,32,156
16/06/2003,China,5326,346,4656
16/06/2003,"Hong Kong SAR, China",1755,295,1386
16/06/2003,"Macao SAR, China",1,0,1
16/06/2003,"Taiwan, China",698,83,443
16/06/2003,Colombia,1,0,1
16/06/2003,Finland,1,0,1
16/06/2003,France,7,0,6
16/06/2003,Germany,10,0,9
16/06/2003,India,3,0,3
16/06/2003,Indonesia,2,0,2
16/06/2003,Italy,9,0,9
16/06/2003,Kuwait,1,0,1
16/06/2003,Malaysia,5,2,3
16/06/2003,Mongolia,9,0,9
16/06/2003,New Zealand,1,0,1
16/06/2003,Philippines,14,2,12
16/06/2003,Republic of Ireland,1,0,1
16/06/2003,Republic of Korea,3,0,3
16/06/2003,Romania,1,0,1
16/06/2003,Russian Federation,1,0,0
16/06/2003,Singapore,206,31,169
16/06/2003,South Africa,1,1,0
16/06/2003,Spain,1,0,1
16/06/2003,Sweden,3,0,3
16/06/2003,Switzerland,1,0,1
16/06/2003,Thailand,9,2,6
16/06/2003,United Kingdom,4,0,4
16/06/2003,United States,72,0,36
16/06/2003,Viet Nam,63,5,58
17/06/2003,Brazil,3,0,2
17/06/2003,Canada,247,32,171
17/06/2003,China,5326,346,4725
17/06/2003,"Hong Kong SAR, China",1755,295,1387
17/06/2003,"Macao SAR, China",1,0,1
17/06/2003,"Taiwan, China",697,83,460
17/06/2003,Colombia,1,0,1
17/06/2003,Finland,1,0,1
17/06/2003,France,7,0,6
17/06/2003,Germany,10,0,9
17/06/2003,India,3,0,3
17/06/2003,Indonesia,2,0,2
17/06/2003,Italy,9,0,9
17/06/2003,Kuwait,1,0,1
17/06/2003,Malaysia,5,2,3
17/06/2003,Mongolia,9,0,9
17/06/2003,New Zealand,1,0,1
17/06/2003,Philippines,14,2,12
17/06/2003,Republic of Ireland,1,0,1
17/06/2003,Republic of Korea,3,0,3
17/06/2003,Romania,1,0,1
17/06/2003,Russian Federation,1,0,0
17/06/2003,Singapore,206,31,169
17/06/2003,South Africa,1,1,0
17/06/2003,Spain,1,0,1
17/06/2003,Sweden,3,0,3
17/06/2003,Switzerland,1,0,1
17/06/2003,Thailand,9,2,6
17/06/2003,United Kingdom,4,0,4
17/06/2003,United States,73,0,36
17/06/2003,Viet Nam,63,5,58
18/06/2003,Brazil,3,0,2
18/06/2003,Canada,246,33,176
18/06/2003,China,5326,347,4762
18/06/2003,"Hong Kong SAR, China",1755,295,1393
18/06/2003,"Macao SAR, China",1,0,1
18/06/2003,"Taiwan, China",697,83,469
18/06/2003,Colombia,1,0,1
18/06/2003,Finland,1,0,1
18/06/2003,France,7,0,6
18/06/2003,Germany,10,0,9
18/06/2003,India,3,0,3
18/06/2003,Indonesia,2,0,2
18/06/2003,Italy,9,0,9
18/06/2003,Kuwait,1,0,1
18/06/2003,Malaysia,5,2,3
18/06/2003,Mongolia,9,0,9
18/06/2003,New Zealand,1,0,1
18/06/2003,Philippines,14,2,12
18/06/2003,Republic of Ireland,1,0,1
18/06/2003,Republic of Korea,3,0,3
18/06/2003,Romania,1,0,1
18/06/2003,Russian Federation,1,0,0
18/06/2003,Singapore,206,31,169
18/06/2003,South Africa,1,1,0
18/06/2003,Spain,1,0,1
18/06/2003,Sweden,3,0,3
18/06/2003,Switzerland,1,0,1
18/06/2003,Thailand,9,2,6
18/06/2003,United Kingdom,4,0,4
18/06/2003,United States,75,0,36
18/06/2003,Viet Nam,63,5,58
19/06/2003,Brazil,3,0,2
19/06/2003,Canada,245,34,175
19/06/2003,China,5326,347,4786
19/06/2003,"Hong Kong SAR, China",1755,296,1396
19/06/2003,"Macao SAR, China",1,0,1
19/06/2003,"Taiwan, China",695,84,472
19/06/2003,Colombia,1,0,1
19/06/2003,Finland,1,0,1
19/06/2003,France,7,0,6
19/06/2003,Germany,10,0,9
19/06/2003,India,3,0,3
19/06/2003,Indonesia,2,0,2
19/06/2003,Italy,9,0,9
19/06/2003,Kuwait,1,0,1
19/06/2003,Malaysia,5,2,3
19/06/2003,Mongolia,9,0,9
19/06/2003,New Zealand,1,0,1
19/06/2003,Philippines,14,2,12
19/06/2003,Republic of Ireland,1,0,1
19/06/2003,Republic of Korea,3,0,3
19/06/2003,Romania,1,0,1
19/06/2003,Russian Federation,1,0,0
19/06/2003,Singapore,206,31,170
19/06/2003,South Africa,1,1,0
19/06/2003,Spain,1,0,1
19/06/2003,Sweden,3,0,3
19/06/2003,Switzerland,1,0,1
19/06/2003,Thailand,9,2,6
19/06/2003,United Kingdom,4,0,4
19/06/2003,United States,75,0,36
19/06/2003,Viet Nam,63,5,58
20/06/2003,Brazil,3,0,2
20/06/2003,Canada,245,34,180
20/06/2003,China,5326,347,4806
20/06/2003,"Hong Kong SAR, China",1755,296,1403
20/06/2003,"Macao SAR, China",1,0,1
20/06/2003,"Taiwan, China",695,84,480
20/06/2003,Colombia,1,0,1
20/06/2003,Finland,1,0,1
20/06/2003,France,7,0,6
20/06/2003,Germany,10,0,9
20/06/2003,India,3,0,3
20/06/2003,Indonesia,2,0,2
20/06/2003,Italy,9,0,9
20/06/2003,Kuwait,1,0,1
20/06/2003,Malaysia,5,2,3
20/06/2003,Mongolia,9,0,9
20/06/2003,New Zealand,1,0,1
20/06/2003,Philippines,14,2,12
20/06/2003,Republic of Ireland,1,0,1
20/06/2003,Republic of Korea,3,0,3
20/06/2003,Romania,1,0,1
20/06/2003,Russian Federation,1,0,0
20/06/2003,Singapore,206,31,170
20/06/2003,South Africa,1,1,0
20/06/2003,Spain,1,0,1
20/06/2003,Sweden,3,0,3
20/06/2003,Switzerland,1,0,1
20/06/2003,Thailand,9,2,6
20/06/2003,United Kingdom,4,0,4
20/06/2003,United States,74,0,36
20/06/2003,Viet Nam,63,5,58
23/06/2003,Brazil,3,0,2
23/06/2003,Canada,246,35,182
23/06/2003,China,5326,347,4895
23/06/2003,"Hong Kong SAR, China",1755,296,1411
23/06/2003,"Macao SAR, China",1,0,1
23/06/2003,"Taiwan, China",692,84,486
23/06/2003,Colombia,1,0,1
23/06/2003,Finland,1,0,1
23/06/2003,France,7,0,6
23/06/2003,Germany,10,0,9
23/06/2003,India,3,0,3
23/06/2003,Indonesia,2,0,2
23/06/2003,Italy,9,0,9
23/06/2003,Kuwait,1,0,1
23/06/2003,Malaysia,5,2,3
23/06/2003,Mongolia,9,0,9
23/06/2003,New Zealand,1,0,1
23/06/2003,Philippines,14,2,12
23/06/2003,Republic of Ireland,1,0,1
23/06/2003,Republic of Korea,3,0,3
23/06/2003,Romania,1,0,1
23/06/2003,Russian Federation,1,0,0
23/06/2003,Singapore,206,31,170
23/06/2003,South Africa,1,1,0
23/06/2003,Spain,1,0,1
23/06/2003,Sweden,3,0,3
23/06/2003,Switzerland,1,0,1
23/06/2003,Thailand,9,2,7
23/06/2003,United Kingdom,4,0,4
23/06/2003,United States,74,0,36
23/06/2003,Viet Nam,63,5,58
24/06/2003,Brazil,3,0,2
24/06/2003,Canada,249,37,188
24/06/2003,China,5326,347,4901
24/06/2003,"Hong Kong SAR, China",1755,296,1417
24/06/2003,"Macao SAR, China",1,0,1
24/06/2003,"Taiwan, China",687,84,492
24/06/2003,Colombia,1,0,1
24/06/2003,Finland,1,0,1
24/06/2003,France,7,0,6
24/06/2003,Germany,10,0,9
24/06/2003,India,3,0,3
24/06/2003,Indonesia,2,0,2
24/06/2003,Italy,9,0,9
24/06/2003,Kuwait,1,0,1
24/06/2003,Malaysia,5,2,3
24/06/2003,Mongolia,9,0,9
24/06/2003,New Zealand,1,0,1
24/06/2003,Philippines,14,2,12
24/06/2003,Republic of Ireland,1,0,1
24/06/2003,Republic of Korea,3,0,3
24/06/2003,Romania,1,0,1
24/06/2003,Russian Federation,1,0,0
24/06/2003,Singapore,206,31,170
24/06/2003,South Africa,1,1,0
24/06/2003,Spain,1,0,1
24/06/2003,Sweden,3,0,3
24/06/2003,Switzerland,1,0,1
24/06/2003,Thailand,9,2,7
24/06/2003,United Kingdom,4,0,4
24/06/2003,United States,75,0,36
24/06/2003,Viet Nam,63,5,58
25/06/2003,Brazil,3,0,2
25/06/2003,Canada,250,37,188
25/06/2003,China,5327,348,4916
25/06/2003,"Hong Kong SAR, China",1755,296,1419
25/06/2003,"Macao SAR, China",1,0,1
25/06/2003,"Taiwan, China",686,84,492
25/06/2003,Colombia,1,0,1
25/06/2003,Finland,1,0,1
25/06/2003,France,7,0,6
25/06/2003,Germany,10,0,9
25/06/2003,India,3,0,3
25/06/2003,Indonesia,2,0,2
25/06/2003,Italy,9,0,9
25/06/2003,Japan,1,0,0
25/06/2003,Kuwait,1,0,1
25/06/2003,Malaysia,5,2,3
25/06/2003,Mongolia,9,0,9
25/06/2003,New Zealand,1,0,1
25/06/2003,Philippines,14,2,12
25/06/2003,Republic of Ireland,1,0,1
25/06/2003,Republic of Korea,3,0,3
25/06/2003,Romania,1,0,1
25/06/2003,Russian Federation,1,0,0
25/06/2003,Singapore,206,31,170
25/06/2003,South Africa,1,1,0
25/06/2003,Spain,1,0,1
25/06/2003,Sweden,3,0,3
25/06/2003,Switzerland,1,0,1
25/06/2003,Thailand,9,2,7
25/06/2003,United Kingdom,4,0,4
25/06/2003,United States,75,0,36
25/06/2003,Viet Nam,63,5,58
26/06/2003,Brazil,3,0,2
26/06/2003,Canada,251,37,190
26/06/2003,China,5327,348,4921
26/06/2003,"Hong Kong SAR, China",1755,296,1419
26/06/2003,"Macao SAR, China",1,0,1
26/06/2003,"Taiwan, China",682,84,491
26/06/2003,Colombia,1,0,1
26/06/2003,Finland,1,0,1
26/06/2003,France,7,0,6
26/06/2003,Germany,10,0,9
26/06/2003,India,3,0,3
26/06/2003,Indonesia,2,0,2
26/06/2003,Italy,9,0,9
26/06/2003,Japan,1,0,0
26/06/2003,Kuwait,1,0,1
26/06/2003,Malaysia,5,2,3
26/06/2003,Mongolia,9,0,9
26/06/2003,New Zealand,1,0,1
26/06/2003,Philippines,14,2,12
26/06/2003,Republic of Ireland,1,0,1
26/06/2003,Republic of Korea,3,0,3
26/06/2003,Romania,1,0,1
26/06/2003,Russian Federation,1,0,0
26/06/2003,Singapore,206,32,170
26/06/2003,South Africa,1,1,0
26/06/2003,Spain,1,0,1
26/06/2003,Sweden,3,0,3
26/06/2003,Switzerland,1,0,1
26/06/2003,Thailand,9,2,7
26/06/2003,United Kingdom,4,0,4
26/06/2003,United States,74,0,36
26/06/2003,Viet Nam,63,5,58
27/06/2003,Brazil,3,0,2
27/06/2003,Canada,251,37,191
27/06/2003,China,5327,348,4921
27/06/2003,"Hong Kong SAR, China",1755,297,1422
27/06/2003,"Macao SAR, China",1,0,1
27/06/2003,"Taiwan, China",681,84,492
27/06/2003,Colombia,1,0,1
27/06/2003,Finland,1,0,1
27/06/2003,France,7,0,6
27/06/2003,Germany,10,0,9
27/06/2003,India,3,0,3
27/06/2003,Indonesia,2,0,2
27/06/2003,Italy,5,0,5
27/06/2003,Kuwait,1,0,1
27/06/2003,Malaysia,5,2,3
27/06/2003,Mongolia,9,0,9
27/06/2003,New Zealand,1,0,1
27/06/2003,Philippines,14,2,12
27/06/2003,Republic of Ireland,1,0,1
27/06/2003,Republic of Korea,3,0,3
27/06/2003,Romania,1,0,1
27/06/2003,Russian Federation,1,0,0
27/06/2003,Singapore,206,32,171
27/06/2003,South Africa,1,1,0
27/06/2003,Spain,1,0,1
27/06/2003,Sweden,3,0,3
27/06/2003,Switzerland,1,0,1
27/06/2003,Thailand,9,2,7
27/06/2003,United Kingdom,4,0,4
27/06/2003,United States,74,0,64
27/06/2003,Viet Nam,63,5,58
30/06/2003,Australia,5,0,5
30/06/2003,Brazil,3,0,2
30/06/2003,Canada,252,37,192
30/06/2003,China,5327,348,4927
30/06/2003,"Hong Kong SAR, China",1755,298,1429
30/06/2003,"Macao SAR, China",1,0,1
30/06/2003,"Taiwan, China",678,84,495
30/06/2003,Colombia,1,0,1
30/06/2003,Finland,1,0,1
30/06/2003,France,7,0,6
30/06/2003,Germany,10,0,9
30/06/2003,India,3,0,3
30/06/2003,Indonesia,2,0,2
30/06/2003,Italy,5,0,5
30/06/2003,Kuwait,1,0,1
30/06/2003,Malaysia,5,2,3
30/06/2003,Mongolia,9,0,9
30/06/2003,New Zealand,1,0,1
30/06/2003,Philippines,14,2,12
30/06/2003,Republic of Ireland,1,0,1
30/06/2003,Republic of Korea,3,0,3
30/06/2003,Romania,1,0,1
30/06/2003,Russian Federation,1,0,0
30/06/2003,Singapore,206,32,171
30/06/2003,South Africa,1,1,0
30/06/2003,Spain,1,0,1
30/06/2003,Sweden,3,0,3
30/06/2003,Switzerland,1,0,1
30/06/2003,Thailand,9,2,7
30/06/2003,United Kingdom,4,0,4
30/06/2003,United States,73,0,63
30/06/2003,Viet Nam,63,5,58
01/07/2003,Brazil,1,0,1
01/07/2003,Canada,252,38,192
01/07/2003,China,5327,348,4930
01/07/2003,"Hong Kong SAR, China",1755,298,1429
01/07/2003,"Macao SAR, China",1,0,1
01/07/2003,"Taiwan, China",678,84,498
01/07/2003,Colombia,1,0,1
01/07/2003,Finland,1,0,1
01/07/2003,France,7,0,6
01/07/2003,Germany,10,0,9
01/07/2003,India,3,0,3
01/07/2003,Indonesia,2,0,2
01/07/2003,Italy,5,0,5
01/07/2003,Kuwait,1,0,1
01/07/2003,Malaysia,5,2,3
01/07/2003,Mongolia,9,0,9
01/07/2003,New Zealand,1,0,1
01/07/2003,Philippines,14,2,12
01/07/2003,Republic of Ireland,1,0,1
01/07/2003,Republic of Korea,3,0,3
01/07/2003,Romania,1,0,1
01/07/2003,Russian Federation,1,0,0
01/07/2003,Singapore,206,32,171
01/07/2003,South Africa,1,1,0
01/07/2003,Spain,1,0,1
01/07/2003,Sweden,3,0,3
01/07/2003,Switzerland,1,0,1
01/07/2003,Thailand,9,2,7
01/07/2003,United Kingdom,4,0,4
01/07/2003,United States,73,0,63
01/07/2003,Viet Nam,63,5,58
02/07/2003,Brazil,1,0,1
02/07/2003,Canada,252,38,192
02/07/2003,China,5327,348,4933
02/07/2003,"Hong Kong SAR, China",1755,298,1429
02/07/2003,"Macao SAR, China",1,0,1
02/07/2003,"Taiwan, China",676,84,498
02/07/2003,Colombia,1,0,1
02/07/2003,Finland,1,0,1
02/07/2003,France,7,0,6
02/07/2003,Germany,10,0,9
02/07/2003,India,3,0,3
02/07/2003,Indonesia,2,0,2
02/07/2003,Italy,4,0,4
02/07/2003,Kuwait,1,0,1
02/07/2003,Malaysia,5,2,3
02/07/2003,Mongolia,9,0,9
02/07/2003,New Zealand,1,0,1
02/07/2003,Philippines,14,2,12
02/07/2003,Republic of Ireland,1,0,1
02/07/2003,Republic of Korea,3,0,3
02/07/2003,Romania,1,0,1
02/07/2003,Russian Federation,1,0,0
02/07/2003,Singapore,206,32,171
02/07/2003,South Africa,1,1,0
02/07/2003,Spain,1,0,1
02/07/2003,Sweden,3,0,3
02/07/2003,Switzerland,1,0,1
02/07/2003,Thailand,9,2,7
02/07/2003,United Kingdom,4,0,4
02/07/2003,United States,73,0,63
02/07/2003,Viet Nam,63,5,58
03/07/2003,Brazil,1,0,1
03/07/2003,Canada,251,38,193
03/07/2003,China,5327,348,4933
03/07/2003,"Hong Kong SAR, China",1755,298,1429
03/07/2003,"Macao SAR, China",1,0,1
03/07/2003,"Taiwan, China",674,84,498
03/07/2003,Colombia,1,0,1
03/07/2003,Finland,1,0,1
03/07/2003,France,7,0,6
03/07/2003,Germany,10,0,9
03/07/2003,India,3,0,3
03/07/2003,Indonesia,2,0,2
03/07/2003,Italy,4,0,4
03/07/2003,Kuwait,1,0,1
03/07/2003,Malaysia,5,2,3
03/07/2003,Mongolia,9,0,9
03/07/2003,New Zealand,1,0,1
03/07/2003,Philippines,14,2,12
03/07/2003,Republic of Ireland,1,0,1
03/07/2003,Republic of Korea,3,0,3
03/07/2003,Romania,1,0,1
03/07/2003,Russian Federation,1,0,0
03/07/2003,Singapore,206,32,171
03/07/2003,South Africa,1,1,0
03/07/2003,Spain,1,0,1
03/07/2003,Sweden,3,0,3
03/07/2003,Switzerland,1,0,1
03/07/2003,Thailand,9,2,7
03/07/2003,United Kingdom,4,0,4
03/07/2003,United States,73,0,65
03/07/2003,Viet Nam,63,5,58
04/07/2003,Brazil,1,0,1
04/07/2003,Canada,251,38,193
04/07/2003,China,5327,348,4934
04/07/2003,"Hong Kong SAR, China",1755,298,1430
04/07/2003,"Macao SAR, China",1,0,1
04/07/2003,"Taiwan, China",674,84,500
04/07/2003,Colombia,1,0,1
04/07/2003,Finland,1,0,1
04/07/2003,France,7,0,6
04/07/2003,Germany,10,0,9
04/07/2003,India,3,0,3
04/07/2003,Indonesia,2,0,2
04/07/2003,Italy,4,0,4
04/07/2003,Kuwait,1,0,1
04/07/2003,Malaysia,5,2,3
04/07/2003,Mongolia,9,0,9
04/07/2003,New Zealand,1,0,1
04/07/2003,Philippines,14,2,12
04/07/2003,Republic of Ireland,1,0,1
04/07/2003,Republic of Korea,3,0,3
04/07/2003,Romania,1,0,1
04/07/2003,Russian Federation,1,0,0
04/07/2003,Singapore,206,32,171
04/07/2003,South Africa,1,1,0
04/07/2003,Spain,1,0,1
04/07/2003,Sweden,3,0,3
04/07/2003,Switzerland,1,0,1
04/07/2003,Thailand,9,2,7
04/07/2003,United Kingdom,4,0,4
04/07/2003,United States,73,0,65
04/07/2003,Viet Nam,63,5,58
07/07/2003,Brazil,1,0,1
07/07/2003,Canada,251,38,193
07/07/2003,China,5327,348,4934
07/07/2003,"Hong Kong SAR, China",1755,298,1430
07/07/2003,"Macao SAR, China",1,0,1
07/07/2003,"Taiwan, China",674,84,500
07/07/2003,Colombia,1,0,1
07/07/2003,Finland,1,0,1
07/07/2003,France,7,0,6
07/07/2003,Germany,10,0,9
07/07/2003,India,3,0,3
07/07/2003,Indonesia,2,0,2
07/07/2003,Italy,4,0,4
07/07/2003,Kuwait,1,0,1
07/07/2003,Malaysia,5,2,3
07/07/2003,Mongolia,9,0,9
07/07/2003,New Zealand,1,0,1
07/07/2003,Philippines,14,2,12
07/07/2003,Republic of Ireland,1,0,1
07/07/2003,Republic of Korea,3,0,3
07/07/2003,Romania,1,0,1
07/07/2003,Russian Federation,1,0,0
07/07/2003,Singapore,206,32,171
07/07/2003,South Africa,1,1,0
07/07/2003,Spain,1,0,1
07/07/2003,Sweden,3,0,3
07/07/2003,Switzerland,1,0,1
07/07/2003,Thailand,9,2,7
07/07/2003,United Kingdom,4,0,4
07/07/2003,United States,73,0,65
07/07/2003,Viet Nam,63,5,58
08/07/2003,Brazil,1,0,1
08/07/2003,Canada,250,38,194
08/07/2003,China,5327,348,4934
08/07/2003,"Hong Kong SAR, China",1755,298,1430
08/07/2003,"Macao SAR, China",1,0,1
08/07/2003,"Taiwan, China",671,84,502
08/07/2003,Colombia,1,0,1
08/07/2003,Finland,1,0,1
08/07/2003,France,7,0,6
08/07/2003,Germany,10,0,9
08/07/2003,India,3,0,3
08/07/2003,Indonesia,2,0,2
08/07/2003,Italy,4,0,4
08/07/2003,Kuwait,1,0,1
08/07/2003,Malaysia,5,2,3
08/07/2003,Mongolia,9,0,9
08/07/2003,New Zealand,1,0,1
08/07/2003,Philippines,14,2,12
08/07/2003,Republic of Ireland,1,0,1
08/07/2003,Republic of Korea,3,0,3
08/07/2003,Romania,1,0,1
08/07/2003,Russian Federation,1,0,0
08/07/2003,Singapore,206,32,171
08/07/2003,South Africa,1,1,0
08/07/2003,Spain,1,0,1
08/07/2003,Sweden,3,0,3
08/07/2003,Switzerland,1,0,1
08/07/2003,Thailand,9,2,7
08/07/2003,United Kingdom,4,0,4
08/07/2003,United States,74,0,64
08/07/2003,Viet Nam,63,5,58
09/07/2003,Brazil,1,0,1
09/07/2003,Canada,249,38,193
09/07/2003,China,5327,348,4939
09/07/2003,"Hong Kong SAR, China",1755,298,1431
09/07/2003,"Macao SAR, China",1,0,1
09/07/2003,"Taiwan, China",671,84,504
09/07/2003,Colombia,1,0,1
09/07/2003,Finland,1,0,1
09/07/2003,France,7,0,6
09/07/2003,Germany,10,0,9
09/07/2003,India,3,0,3
09/07/2003,Indonesia,2,0,2
09/07/2003,Italy,4,0,4
09/07/2003,Kuwait,1,0,1
09/07/2003,Malaysia,5,2,3
09/07/2003,Mongolia,9,0,9
09/07/2003,New Zealand,1,0,1
09/07/2003,Philippines,14,2,12
09/07/2003,Republic of Ireland,1,0,1
09/07/2003,Republic of Korea,3,0,3
09/07/2003,Romania,1,0,1
09/07/2003,Russian Federation,1,0,0
09/07/2003,Singapore,206,32,171
09/07/2003,South Africa,1,1,0
09/07/2003,Spain,1,0,1
09/07/2003,Sweden,3,0,3
09/07/2003,Switzerland,1,0,1
09/07/2003,Thailand,9,2,7
09/07/2003,United Kingdom,4,0,4
09/07/2003,United States,75,0,67
09/07/2003,Viet Nam,63,5,58
10/07/2003,Brazil,1,0,1
10/07/2003,Canada,250,38,194
10/07/2003,China,5327,348,4941
10/07/2003,"Hong Kong SAR, China",1755,298,1431
10/07/2003,"Macao SAR, China",1,0,1
10/07/2003,"Taiwan, China",671,84,506
10/07/2003,Colombia,1,0,1
10/07/2003,Finland,1,0,1
10/07/2003,France,7,0,6
10/07/2003,Germany,10,0,9
10/07/2003,India,3,0,3
10/07/2003,Indonesia,2,0,2
10/07/2003,Italy,4,0,4
10/07/2003,Kuwait,1,0,1
10/07/2003,Malaysia,5,2,3
10/07/2003,Mongolia,9,0,9
10/07/2003,New Zealand,1,0,1
10/07/2003,Philippines,14,2,12
10/07/2003,Republic of Ireland,1,0,1
10/07/2003,Republic of Korea,3,0,3
10/07/2003,Romania,1,0,1
10/07/2003,Russian Federation,1,0,0
10/07/2003,Singapore,206,32,172
10/07/2003,South Africa,1,1,0
10/07/2003,Spain,1,0,1
10/07/2003,Sweden,3,0,3
10/07/2003,Switzerland,1,0,1
10/07/2003,Thailand,9,2,7
10/07/2003,United Kingdom,4,0,4
10/07/2003,United States,75,0,67
10/07/2003,Viet Nam,63,5,58
11/07/2003,Brazil,1,0,1
11/07/2003,Canada,250,38,194
11/07/2003,China,5327,348,4941
11/07/2003,"Hong Kong SAR, China",1755,298,1433
11/07/2003,"Macao SAR, China",1,0,1
11/07/2003,"Taiwan, China",671,84,507
11/07/2003,Colombia,1,0,1
11/07/2003,Finland,1,0,1
11/07/2003,France,7,1,6
11/07/2003,Germany,10,0,9
11/07/2003,India,3,0,3
11/07/2003,Indonesia,2,0,2
11/07/2003,Italy,4,0,4
11/07/2003,Kuwait,1,0,1
11/07/2003,Malaysia,5,2,3
11/07/2003,Mongolia,9,0,9
11/07/2003,New Zealand,1,0,1
11/07/2003,Philippines,14,2,12
11/07/2003,Republic of Ireland,1,0,1
11/07/2003,Republic of Korea,3,0,3
11/07/2003,Romania,1,0,1
11/07/2003,Russian Federation,1,0,0
11/07/2003,Singapore,206,32,172
11/07/2003,South Africa,1,1,0
11/07/2003,Spain,1,0,1
11/07/2003,Sweden,3,0,3
11/07/2003,Switzerland,1,0,1
11/07/2003,Thailand,9,2,7
11/07/2003,United Kingdom,4,0,4
11/07/2003,United States,75,0,67
11/07/2003,Viet Nam,63,5,58
